port,product,source,value
Dunkerque,Fruits secs et noix,france,19144.9
Dunkerque,Fruits secs et noix,foreign,28147.0
Dunkerque,Beurre,france,443.0
Dunkerque,Beurre,foreign,48838.0
Dunkerque,"Brai, goudron et résines",france,14345.0001395
Dunkerque,"Brai, goudron et résines",foreign,41536.0
Dunkerque,Cacao et chocolat,france,4000.0
Dunkerque,Cacao et chocolat,foreign,6504.0
Dunkerque,Café,france,32167.5
Dunkerque,Café,foreign,4136305.0
Dunkerque,Drogues diverses,france,1227.0
Dunkerque,Drogues diverses,foreign,21382.0
Dunkerque,Poivre et piment,france,5554.5
Dunkerque,Poivre et piment,foreign,313990.0
Dunkerque,Fruits frais,france,11748.8
Dunkerque,Fruits frais,foreign,541265.0
Dunkerque,Divers mélangés,france,4327.0
Dunkerque,Divers mélangés,foreign,372336.0
Dunkerque,"Cuirs, peaux et pelleterie",france,112330.0
Dunkerque,"Cuirs, peaux et pelleterie",foreign,438598.0
Dunkerque,Savon,france,15866.150007000002
Dunkerque,Savon,foreign,0
Dunkerque,Sucre,france,3755.5
Dunkerque,Sucre,foreign,3683421.0
Dunkerque,Vins divers,france,2182.6
Dunkerque,Vins divers,foreign,164861.0
Dunkerque,Cendres diverses,france,3215.0
Dunkerque,Cendres diverses,foreign,73980.0
Dunkerque,"Gravelée, potasse et védasse",france,15727.5
Dunkerque,"Gravelée, potasse et védasse",foreign,723273.0
Dunkerque,Chanvre,france,144.0
Dunkerque,Chanvre,foreign,162862.0
Dunkerque,Colles diverses,france,2665.0
Dunkerque,Colles diverses,foreign,10118.0
Dunkerque,Eaux-de-vie et liqueurs,france,92286.10001000001
Dunkerque,Eaux-de-vie et liqueurs,foreign,2322188.0
Dunkerque,Graines diverses et mélangées,france,450.0
Dunkerque,Graines diverses et mélangées,foreign,5495.0
Dunkerque,Graines grasses,france,42060.0
Dunkerque,Graines grasses,foreign,93843.0
Dunkerque,Huile de poisson,france,9917.0
Dunkerque,Huile de poisson,foreign,16477.0
Dunkerque,Plomb,france,6877.0
Dunkerque,Plomb,foreign,0
Dunkerque,Poissons et fruits de mer,france,817139.0
Dunkerque,Poissons et fruits de mer,foreign,228386.0
Dunkerque,Graisses diverses,france,4900.24998025
Dunkerque,Graisses diverses,foreign,5363.0
Dunkerque,Combustibles dont charbons et bois,france,816.0
Dunkerque,Combustibles dont charbons et bois,foreign,212151.0
Dunkerque,Métaux divers et mélangés,france,8064.4
Dunkerque,Métaux divers et mélangés,foreign,1248.0
Dunkerque,Réglisse,france,566.0
Dunkerque,Réglisse,foreign,2776.0
Dunkerque,Drogues médicinales diverses,france,153.0
Dunkerque,Drogues médicinales diverses,foreign,27509.0
Dunkerque,Matières brutes et transformées pour teinture,france,2619.6400000000003
Dunkerque,Matières brutes et transformées pour teinture,foreign,244300.0
Dunkerque,Ouvrages métalliques,france,9966.4502
Dunkerque,Ouvrages métalliques,foreign,1128500.0
Dunkerque,Fromage,france,2096.96
Dunkerque,Fromage,foreign,107533.0
Dunkerque,Riz,france,118189.5
Dunkerque,Riz,foreign,172740.0
Dunkerque,Sel,france,764001.0
Dunkerque,Sel,foreign,323669.0
Dunkerque,Salpêtre et soufre,france,137.7
Dunkerque,Salpêtre et soufre,foreign,0
Dunkerque,"Bougies, chandelles et flambeaux",france,2289.9999924
Dunkerque,"Bougies, chandelles et flambeaux",foreign,22093.0
Dunkerque,Matières premières diverses,france,3015.9
Dunkerque,Matières premières diverses,foreign,80153.0
Dunkerque,Bois divers hors combustible,france,2003.0
Dunkerque,Bois divers hors combustible,foreign,11612.0
Dunkerque,Fer,france,1169.0
Dunkerque,Fer,foreign,498.0
Dunkerque,Fer-blanc,france,11180.500146499999
Dunkerque,Fer-blanc,foreign,89144.0
Dunkerque,Huiles diverses,france,9739.319965179999
Dunkerque,Huiles diverses,foreign,48739.0
Dunkerque,Huile d'olive à manger,france,706.0
Dunkerque,Huile d'olive à manger,foreign,409069.0
Dunkerque,"Ouvrages de bois, liège et jonc",france,39616.4
Dunkerque,"Ouvrages de bois, liège et jonc",foreign,265946.0
Dunkerque,Boissons diverses et mélangées,france,760.0
Dunkerque,Boissons diverses et mélangées,foreign,8800.0
Dunkerque,"Meubles, glaces et miroirs",france,12326.0
Dunkerque,"Meubles, glaces et miroirs",foreign,24175.0
Dunkerque,Toiles de chanvre et de lin,france,21152.59978
Dunkerque,Toiles de chanvre et de lin,foreign,425721.0
Dunkerque,Vins de Bordeaux,france,15134.0
Dunkerque,Vins de Bordeaux,foreign,0
Dunkerque,"Bière, cidre et vinaigre",france,19027.0
Dunkerque,"Bière, cidre et vinaigre",foreign,15026.0
Dunkerque,Blé et autres grains comestibles,france,120796.399936
Dunkerque,Blé et autres grains comestibles,foreign,4945263.0
Dunkerque,Légumes,france,12224.99985
Dunkerque,Légumes,foreign,32951.0
Dunkerque,Verrerie,france,8721.45997521
Dunkerque,Verrerie,foreign,58553.0
Dunkerque,Ouvrages divers et mélangés,france,8932.0
Dunkerque,Ouvrages divers et mélangés,foreign,93533.0
Dunkerque,Coton non transformé,france,3320.5
Dunkerque,Coton non transformé,foreign,1161052.0
Dunkerque,Lin,france,0.0
Dunkerque,Lin,foreign,0
Dunkerque,Acier,france,0
Dunkerque,Acier,foreign,15725.0
Dunkerque,Argenterie et orfèvrerie,france,7803.0
Dunkerque,Argenterie et orfèvrerie,foreign,906.0
Dunkerque,"Armes, munitions, poudre et pierres à fusil",france,5100.000004
Dunkerque,"Armes, munitions, poudre et pierres à fusil",foreign,11987.0
Dunkerque,Produits inconnus,france,0
Dunkerque,Produits inconnus,foreign,54026.0
Dunkerque,Bijouterie et pierres fines,france,1445.0
Dunkerque,Bijouterie et pierres fines,foreign,13184.0
Dunkerque,Chevaux et bêtes de somme,france,0
Dunkerque,Chevaux et bêtes de somme,foreign,7900.0
Dunkerque,Bonneterie hors soie,france,3042.0
Dunkerque,Bonneterie hors soie,foreign,253694.0
Dunkerque,Habits et lingerie,france,1486.0
Dunkerque,Habits et lingerie,foreign,97051.0
Dunkerque,Mercerie,france,7745.32
Dunkerque,Mercerie,foreign,93805.0
Dunkerque,Indigo,france,86340.5
Dunkerque,Indigo,foreign,129961.0
Dunkerque,"Porcelaine, poterie, faïence et ouvrages de terre",france,20683.9994
Dunkerque,"Porcelaine, poterie, faïence et ouvrages de terre",foreign,286335.0
Dunkerque,Alcalis,france,0
Dunkerque,Alcalis,foreign,4965.0
Dunkerque,Chairs et œufs,france,44700.0
Dunkerque,Chairs et œufs,foreign,231207.0
Dunkerque,Subsistances diverses et mélangées,france,4672.0
Dunkerque,Subsistances diverses et mélangées,foreign,20375.0
Dunkerque,Chapeaux hors paille et écorce,france,0
Dunkerque,Chapeaux hors paille et écorce,foreign,25946.0
Dunkerque,Chapeaux d'écorce et de paille,france,0
Dunkerque,Chapeaux d'écorce et de paille,foreign,1653.0
Dunkerque,Cire,france,0
Dunkerque,Cire,foreign,50605.0
Dunkerque,Cordage et filets,france,1559.0
Dunkerque,Cordage et filets,foreign,1646.0
Dunkerque,"Cornes, corail, écailles, ivoire et nacre",france,100.0
Dunkerque,"Cornes, corail, écailles, ivoire et nacre",foreign,36680.0
Dunkerque,Étoffes de laine,france,1440.0
Dunkerque,Étoffes de laine,foreign,1708312.0
Dunkerque,Poils et crin,france,0
Dunkerque,Poils et crin,foreign,9605.0
Dunkerque,Fils divers,france,1552.0
Dunkerque,Fils divers,foreign,101543.0
Dunkerque,Divers incertains,france,0
Dunkerque,Divers incertains,foreign,166290.0
Dunkerque,Dentelles,france,0
Dunkerque,Dentelles,foreign,4400.0
Dunkerque,Manne et médicaments,france,266.0
Dunkerque,Manne et médicaments,foreign,29426.0
Dunkerque,Denrées coloniales et épiceries diverses,france,0
Dunkerque,Denrées coloniales et épiceries diverses,foreign,10317.0
Dunkerque,Séné,france,234.0
Dunkerque,Séné,foreign,19537.0
Dunkerque,Azur et cobalt,france,0
Dunkerque,Azur et cobalt,foreign,106485.0
Dunkerque,Alun,france,0
Dunkerque,Alun,foreign,32912.0
Dunkerque,Sels chimiques,france,0
Dunkerque,Sels chimiques,foreign,1200.0
Dunkerque,Céruse et blanc de plomb,france,0
Dunkerque,Céruse et blanc de plomb,foreign,20265.0
Dunkerque,Sirop et mélasse,france,0
Dunkerque,Sirop et mélasse,foreign,4260.0
Dunkerque,Garance,france,0
Dunkerque,Garance,foreign,450.0
Dunkerque,"Alquifoux, mine de plomb et graphite",france,0
Dunkerque,"Alquifoux, mine de plomb et graphite",foreign,5418.0
Dunkerque,Galle,france,0
Dunkerque,Galle,foreign,450.0
Dunkerque,Tabac,france,1502.39999436
Dunkerque,Tabac,foreign,2010579.0
Dunkerque,Verdet,france,0
Dunkerque,Verdet,foreign,3350.0
Dunkerque,Cannelle,france,0
Dunkerque,Cannelle,foreign,10194.0
Dunkerque,Girofle,france,0
Dunkerque,Girofle,foreign,3600.0
Dunkerque,Muscades,france,0
Dunkerque,Muscades,foreign,1356.0
Dunkerque,Objets d'art et d'histoire naturelle,france,3780.0
Dunkerque,Objets d'art et d'histoire naturelle,foreign,855.0
Dunkerque,Étain,france,200.0
Dunkerque,Étain,foreign,45271.0
Dunkerque,Étoffes diverses,france,133.0
Dunkerque,Étoffes diverses,foreign,342590.0
Dunkerque,Toiles de coton,france,534594.0
Dunkerque,Toiles de coton,foreign,3349884.0
Dunkerque,Étoffes de soie,france,0
Dunkerque,Étoffes de soie,foreign,547960.0
Dunkerque,Dorure,france,0
Dunkerque,Dorure,foreign,1800.0
Dunkerque,"Farine, gruau, biscuits et pâtes",france,22668.0
Dunkerque,"Farine, gruau, biscuits et pâtes",foreign,492601.0
Dunkerque,Bâtiments de mer et apparaux,france,0
Dunkerque,Bâtiments de mer et apparaux,foreign,500.0
Dunkerque,Textiles manufacturés divers et mélangés,france,0
Dunkerque,Textiles manufacturés divers et mélangés,foreign,23170.0
Dunkerque,Gommes diverses,france,6976.0
Dunkerque,Gommes diverses,foreign,48778.0
Dunkerque,"Graines de trèfle, de luzerne et de prairie",france,0
Dunkerque,"Graines de trèfle, de luzerne et de prairie",foreign,1356.0
Dunkerque,Graines de jardin,france,0
Dunkerque,Graines de jardin,foreign,324.0
Dunkerque,Horlogerie,france,118.0
Dunkerque,Horlogerie,foreign,2580.0
Dunkerque,Parfumerie et toilette,france,135.0
Dunkerque,Parfumerie et toilette,foreign,7278.0
Dunkerque,Laines non transformées diverses,france,0
Dunkerque,Laines non transformées diverses,foreign,121300.0
Dunkerque,Quincaillerie,france,18974.349564739998
Dunkerque,Quincaillerie,foreign,530936.0
Dunkerque,Bouchons principalement en liège,france,1799.25
Dunkerque,Bouchons principalement en liège,foreign,1800.0
Dunkerque,Librairie,france,11358.0
Dunkerque,Librairie,foreign,12470.0
Dunkerque,Miel,france,0
Dunkerque,Miel,foreign,5445.0
Dunkerque,Châles et mouchoirs hors soie,france,7881.0
Dunkerque,Châles et mouchoirs hors soie,foreign,1276902.0
Dunkerque,Châles et mouchoirs de soie,france,0
Dunkerque,Châles et mouchoirs de soie,foreign,228020.0
Dunkerque,Papier,france,0
Dunkerque,Papier,foreign,36826.0
Dunkerque,Gants,france,0
Dunkerque,Gants,foreign,33060.0
Dunkerque,Plumes brutes,france,241.0
Dunkerque,Plumes brutes,foreign,32313.0
Dunkerque,Plumes ouvrées,france,0
Dunkerque,Plumes ouvrées,foreign,9100.0
Dunkerque,Provisions diverses,france,0
Dunkerque,Provisions diverses,foreign,720.0
Dunkerque,"Faucilles, faux et limes",france,0
Dunkerque,"Faucilles, faux et limes",foreign,4250.0
Dunkerque,Rubanerie et passementerie diverse,france,0
Dunkerque,Rubanerie et passementerie diverse,foreign,7590.0
Dunkerque,Cordonnerie et sellerie,france,0
Dunkerque,Cordonnerie et sellerie,foreign,13011.0
Dunkerque,Soie,france,483044.0
Dunkerque,Soie,foreign,645912.0
Dunkerque,Soieries diverses,france,260.0
Dunkerque,Soieries diverses,foreign,182570.0
Dunkerque,Thé,france,12030.0
Dunkerque,Thé,foreign,856698.0
Dunkerque,Toiles diverses,france,7180.0
Dunkerque,Toiles diverses,foreign,4985992.0
Dunkerque,"Mousseline, basin et nankin",france,833.0
Dunkerque,"Mousseline, basin et nankin",foreign,142556.0
Dunkerque,Animaux,france,8820.0
Dunkerque,Animaux,foreign,0
Dunkerque,Cuivre,france,490.999988
Dunkerque,Cuivre,foreign,0
Dunkerque,Mercure,france,435.0
Dunkerque,Mercure,foreign,0
Dunkerque,Rocou,france,2058.0
Dunkerque,Rocou,foreign,0
Bayonne,Bois des Indes,france,8982.0
Bayonne,Bois des Indes,foreign,0
Bayonne,"Brai, goudron et résines",france,399593.5385921
Bayonne,"Brai, goudron et résines",foreign,0
Bayonne,Chairs et œufs,france,18447.099989399998
Bayonne,Chairs et œufs,foreign,0
Bayonne,Réglisse,france,70842.59997
Bayonne,Réglisse,foreign,0
Bayonne,Eaux-de-vie et liqueurs,france,111020.0
Bayonne,Eaux-de-vie et liqueurs,foreign,2194.0
Bayonne,Laines non transformées diverses,france,1667255.0
Bayonne,Laines non transformées diverses,foreign,0
Bayonne,Bouchons principalement en liège,france,3512.5
Bayonne,Bouchons principalement en liège,foreign,0
Bayonne,Divers mélangés,france,7017.00005
Bayonne,Divers mélangés,foreign,300.0
Bayonne,Plumes brutes,france,12240.0
Bayonne,Plumes brutes,foreign,0
Bayonne,Cacao et chocolat,france,8450.5
Bayonne,Cacao et chocolat,foreign,38815.0
Bayonne,Café,france,0
Bayonne,Café,foreign,192366.0
Bayonne,Drogues médicinales diverses,france,4512.0
Bayonne,Drogues médicinales diverses,foreign,1714.0
Bayonne,Coton non transformé,france,0
Bayonne,Coton non transformé,foreign,6718.0
Bayonne,Indigo,france,10224.0
Bayonne,Indigo,foreign,5548.0
Bayonne,Sucre,france,182940.3
Bayonne,Sucre,foreign,599740.0
Bayonne,Bois divers hors combustible,france,162655.0
Bayonne,Bois divers hors combustible,foreign,460.0
Bayonne,Matières brutes et transformées pour teinture,france,9674.75
Bayonne,Matières brutes et transformées pour teinture,foreign,621.0
Bayonne,Fils divers,france,979.0
Bayonne,Fils divers,foreign,1045.0
Bayonne,Subsistances diverses et mélangées,france,900.0
Bayonne,Subsistances diverses et mélangées,foreign,256.0
Bayonne,"Cuirs, peaux et pelleterie",france,149376.0
Bayonne,"Cuirs, peaux et pelleterie",foreign,34875.0
Bayonne,Riz,france,576.3
Bayonne,Riz,foreign,3524.0
Bayonne,Sirop et mélasse,france,0
Bayonne,Sirop et mélasse,foreign,60.0
Bayonne,Tabac,france,2032.0
Bayonne,Tabac,foreign,2372.0
Bayonne,Acier,france,3304.4
Bayonne,Acier,foreign,0
Bayonne,Ouvrages divers et mélangés,france,5165.2
Bayonne,Ouvrages divers et mélangés,foreign,0
Bayonne,Animaux,france,32945.0
Bayonne,Animaux,foreign,0
Bayonne,Beurre,france,1576.6499999999999
Bayonne,Beurre,foreign,0
Bayonne,Bijouterie et pierres fines,france,1170.0
Bayonne,Bijouterie et pierres fines,foreign,0
Bayonne,"Farine, gruau, biscuits et pâtes",france,15903.83
Bayonne,"Farine, gruau, biscuits et pâtes",foreign,0
Bayonne,Textiles manufacturés divers et mélangés,france,2128.0
Bayonne,Textiles manufacturés divers et mélangés,foreign,0
Bayonne,Cire,france,648.0
Bayonne,Cire,foreign,0
Bayonne,Chanvre,france,8977.30006492
Bayonne,Chanvre,foreign,0
Bayonne,Combustibles dont charbons et bois,france,159.0
Bayonne,Combustibles dont charbons et bois,foreign,0
Bayonne,Cordage et filets,france,10480.0
Bayonne,Cordage et filets,foreign,0
Bayonne,Cuivre,france,1515.0
Bayonne,Cuivre,foreign,0
Bayonne,Manne et médicaments,france,8873.0
Bayonne,Manne et médicaments,foreign,0
Bayonne,Quinquina,france,13416.0
Bayonne,Quinquina,foreign,0
Bayonne,Séné,france,758.75
Bayonne,Séné,foreign,0
Bayonne,Céruse et blanc de plomb,france,1201.2
Bayonne,Céruse et blanc de plomb,foreign,0
Bayonne,Garance,france,648.0
Bayonne,Garance,foreign,0
Bayonne,Cannelle,france,28091.0
Bayonne,Cannelle,foreign,0
Bayonne,Girofle,france,7812.0
Bayonne,Girofle,foreign,0
Bayonne,Muscades,france,180.0
Bayonne,Muscades,foreign,0
Bayonne,Poivre et piment,france,37549.5
Bayonne,Poivre et piment,foreign,0
Bayonne,Étain,france,765.0
Bayonne,Étain,foreign,0
Bayonne,Étoffes de laine,france,5550.0
Bayonne,Étoffes de laine,foreign,0
Bayonne,Étoffes de soie,france,1825.0
Bayonne,Étoffes de soie,foreign,0
Bayonne,Lin,france,44177.700000000004
Bayonne,Lin,foreign,0
Bayonne,"Porcelaine, poterie, faïence et ouvrages de terre",france,9316.0
Bayonne,"Porcelaine, poterie, faïence et ouvrages de terre",foreign,0
Bayonne,Fer,france,1633.0
Bayonne,Fer,foreign,0
Bayonne,Ouvrages métalliques,france,277283.96001100005
Bayonne,Ouvrages métalliques,foreign,0
Bayonne,Fer-blanc,france,4431.0
Bayonne,Fer-blanc,foreign,0
Bayonne,Matières premières diverses,france,20766.0
Bayonne,Matières premières diverses,foreign,0
Bayonne,Fromage,france,24379.6
Bayonne,Fromage,foreign,0
Bayonne,Fruits frais,france,879.0
Bayonne,Fruits frais,foreign,0
Bayonne,Mercerie,france,1800.0
Bayonne,Mercerie,foreign,0
Bayonne,Blé et autres grains comestibles,france,1200981.9492438799
Bayonne,Blé et autres grains comestibles,foreign,0
Bayonne,Huiles diverses,france,19799.550450000002
Bayonne,Huiles diverses,foreign,0
Bayonne,Huile d'olive à manger,france,43542.200000000004
Bayonne,Huile d'olive à manger,foreign,0
Bayonne,Légumes,france,10576.0
Bayonne,Légumes,foreign,0
Bayonne,Librairie,france,439.0
Bayonne,Librairie,foreign,0
Bayonne,Argenterie et orfèvrerie,france,14231.4
Bayonne,Argenterie et orfèvrerie,foreign,0
Bayonne,"Ouvrages de bois, liège et jonc",france,29432.5
Bayonne,"Ouvrages de bois, liège et jonc",foreign,0
Bayonne,Bâtiments de mer et apparaux,france,32581.700568660002
Bayonne,Bâtiments de mer et apparaux,foreign,0
Bayonne,Parfumerie et toilette,france,165.0
Bayonne,Parfumerie et toilette,foreign,0
Bayonne,Plomb,france,14883.18
Bayonne,Plomb,foreign,0
Bayonne,Poissons et fruits de mer,france,9048.0
Bayonne,Poissons et fruits de mer,foreign,0
Bayonne,"Faucilles, faux et limes",france,1544.0
Bayonne,"Faucilles, faux et limes",foreign,0
Bayonne,Quincaillerie,france,1066.0
Bayonne,Quincaillerie,foreign,0
Bayonne,Rubanerie et passementerie diverse,france,238.0
Bayonne,Rubanerie et passementerie diverse,foreign,0
Bayonne,Savon,france,53450.4
Bayonne,Savon,foreign,0
Bayonne,Sel,france,62188.0
Bayonne,Sel,foreign,0
Bayonne,Soie,france,900.0
Bayonne,Soie,foreign,0
Bayonne,Salpêtre et soufre,france,663.3
Bayonne,Salpêtre et soufre,foreign,0
Bayonne,"Bougies, chandelles et flambeaux",france,2828.3
Bayonne,"Bougies, chandelles et flambeaux",foreign,0
Bayonne,Graisses diverses,france,25346.4498512
Bayonne,Graisses diverses,foreign,0
Bayonne,Thé,france,147.0
Bayonne,Thé,foreign,0
Bayonne,Toiles de chanvre et de lin,france,1744.0
Bayonne,Toiles de chanvre et de lin,foreign,0
Bayonne,Verrerie,france,5065.08
Bayonne,Verrerie,foreign,0
Bayonne,Vins divers,france,31529.5
Bayonne,Vins divers,foreign,0
Bayonne,Vin de liqueurs,france,14547.116
Bayonne,Vin de liqueurs,foreign,0
Bayonne,Produits inconnus,france,2379.6
Bayonne,Produits inconnus,foreign,0
Bayonne,Salsepareille,france,1710.0
Bayonne,Salsepareille,foreign,0
Bayonne,Toiles de coton,france,165924.0
Bayonne,Toiles de coton,foreign,0
Bayonne,Térébenthine,france,941.0
Bayonne,Térébenthine,foreign,0
Bayonne,Fruits secs et noix,france,768.0
Bayonne,Fruits secs et noix,foreign,0
Bayonne,Poils et crin,france,12948.0004316
Bayonne,Poils et crin,foreign,0
Bayonne,Habits et lingerie,france,6843.0
Bayonne,Habits et lingerie,foreign,0
Bayonne,Papier,france,350.0
Bayonne,Papier,foreign,0
Bayonne,Métaux divers et mélangés,france,1100.0
Bayonne,Métaux divers et mélangés,foreign,0
Bayonne,"Meubles, glaces et miroirs",france,120.0
Bayonne,"Meubles, glaces et miroirs",foreign,0
Lorient,"Gravelée, potasse et védasse",france,19458.549937969998
Lorient,"Gravelée, potasse et védasse",foreign,16180.0
Lorient,"Ouvrages de bois, liège et jonc",france,9753.0
Lorient,"Ouvrages de bois, liège et jonc",foreign,114773.0
Lorient,Eaux-de-vie et liqueurs,france,11170.0
Lorient,Eaux-de-vie et liqueurs,foreign,4370.0
Lorient,Indigo,france,55719.0
Lorient,Indigo,foreign,7800.0
Lorient,Métaux divers et mélangés,france,3710.80002496
Lorient,Métaux divers et mélangés,foreign,0
Lorient,Parfumerie et toilette,france,8990.0
Lorient,Parfumerie et toilette,foreign,0
Lorient,Divers mélangés,france,2982.0
Lorient,Divers mélangés,foreign,275.0
Lorient,Vins divers,france,15773.1
Lorient,Vins divers,foreign,0
Lorient,"Cuirs, peaux et pelleterie",france,12085.50014
Lorient,"Cuirs, peaux et pelleterie",foreign,1000.0
Lorient,Café,france,15947.1
Lorient,Café,foreign,0
Lorient,Chairs et œufs,france,11174.359824680001
Lorient,Chairs et œufs,foreign,16392.0
Lorient,Coton non transformé,france,49556.0
Lorient,Coton non transformé,foreign,0
Lorient,Cannelle,france,144.0
Lorient,Cannelle,foreign,0
Lorient,Riz,france,8114.00013
Lorient,Riz,foreign,168621.0
Lorient,Toiles de coton,france,24081.0
Lorient,Toiles de coton,foreign,48685.0
Lorient,Toiles diverses,france,20700.0
Lorient,Toiles diverses,foreign,35220.0
Lorient,Acier,france,180.0
Lorient,Acier,foreign,21746.0
Lorient,Bâtiments de mer et apparaux,france,480.0
Lorient,Bâtiments de mer et apparaux,foreign,175269.0
Lorient,Matières premières diverses,france,31951.25
Lorient,Matières premières diverses,foreign,125247.0
Lorient,Matières brutes et transformées pour teinture,france,562.0
Lorient,Matières brutes et transformées pour teinture,foreign,1370.0
Lorient,Beurre,france,13515.0
Lorient,Beurre,foreign,6475.0
Lorient,"Bière, cidre et vinaigre",france,1364.0
Lorient,"Bière, cidre et vinaigre",foreign,23224.0
Lorient,Bonneterie hors soie,france,160.0
Lorient,Bonneterie hors soie,foreign,5975.0
Lorient,Bois divers hors combustible,france,5631.6
Lorient,Bois divers hors combustible,foreign,243251.0
Lorient,Ouvrages métalliques,france,69385.1285
Lorient,Ouvrages métalliques,foreign,581187.0
Lorient,"Brai, goudron et résines",france,7609.00017556
Lorient,"Brai, goudron et résines",foreign,25079.0
Lorient,Mercerie,france,1264.0
Lorient,Mercerie,foreign,35310.0
Lorient,Subsistances diverses et mélangées,france,6436.79979885
Lorient,Subsistances diverses et mélangées,foreign,13273.0
Lorient,Chanvre,france,0
Lorient,Chanvre,foreign,221498.0
Lorient,Combustibles dont charbons et bois,france,1303.6875
Lorient,Combustibles dont charbons et bois,foreign,14760.0
Lorient,Cire,france,194.4
Lorient,Cire,foreign,2213.0
Lorient,Étoffes de laine,france,0
Lorient,Étoffes de laine,foreign,35343.0
Lorient,Drogues diverses,france,1257.25
Lorient,Drogues diverses,foreign,800.0
Lorient,Azur et cobalt,france,0
Lorient,Azur et cobalt,foreign,300.0
Lorient,Poivre et piment,france,855.0
Lorient,Poivre et piment,foreign,9000.0
Lorient,"Farine, gruau, biscuits et pâtes",france,0
Lorient,"Farine, gruau, biscuits et pâtes",foreign,41844.0
Lorient,"Porcelaine, poterie, faïence et ouvrages de terre",france,69827.00200000001
Lorient,"Porcelaine, poterie, faïence et ouvrages de terre",foreign,40113.0
Lorient,Fer-blanc,france,578.5
Lorient,Fer-blanc,foreign,6990.0
Lorient,Quincaillerie,france,260.0
Lorient,Quincaillerie,foreign,18342.0
Lorient,Fromage,france,1240.2
Lorient,Fromage,foreign,24404.2
Lorient,Graines grasses,france,1418.1500045
Lorient,Graines grasses,foreign,17920.0
Lorient,Graines diverses et mélangées,france,0
Lorient,Graines diverses et mélangées,foreign,600.0
Lorient,Blé et autres grains comestibles,france,90.56
Lorient,Blé et autres grains comestibles,foreign,24960.0
Lorient,Huile de poisson,france,157.5
Lorient,Huile de poisson,foreign,66630.0
Lorient,Huiles diverses,france,94106.0
Lorient,Huiles diverses,foreign,107498.79879999999
Lorient,Ouvrages divers et mélangés,france,508.0
Lorient,Ouvrages divers et mélangés,foreign,3000.0
Lorient,Lin,france,153.0
Lorient,Lin,foreign,4192.0
Lorient,Divers incertains,france,0
Lorient,Divers incertains,foreign,1150.0
Lorient,Papier,france,0
Lorient,Papier,foreign,7480.0
Lorient,Bijouterie et pierres fines,france,0
Lorient,Bijouterie et pierres fines,foreign,1400.0
Lorient,Poils et crin,france,0
Lorient,Poils et crin,foreign,1654.0
Lorient,Poissons et fruits de mer,france,50027.0
Lorient,Poissons et fruits de mer,foreign,828.0
Lorient,Produits inconnus,france,0
Lorient,Produits inconnus,foreign,954.0
Lorient,Sucre,france,0
Lorient,Sucre,foreign,7000.0
Lorient,Graisses diverses,france,328.0
Lorient,Graisses diverses,foreign,9400.0
Lorient,"Bougies, chandelles et flambeaux",france,132.00000165
Lorient,"Bougies, chandelles et flambeaux",foreign,3250.0
Lorient,Tabac,france,170108.0042527
Lorient,Tabac,foreign,486100.0
Lorient,Verrerie,france,229.0
Lorient,Verrerie,foreign,2998.0
Lorient,Fils divers,france,228.0
Lorient,Fils divers,foreign,0
Lorient,Alun,france,1095.0
Lorient,Alun,foreign,0
Lorient,Sels chimiques,france,6720.0
Lorient,Sels chimiques,foreign,0
Lorient,Huile d'olive à manger,france,896.0
Lorient,Huile d'olive à manger,foreign,0
Lorient,"Meubles, glaces et miroirs",france,812.0
Lorient,"Meubles, glaces et miroirs",foreign,525.0
Lorient,Châles et mouchoirs hors soie,france,17826.0
Lorient,Châles et mouchoirs hors soie,foreign,0
Lorient,Sirop et mélasse,france,435.0
Lorient,Sirop et mélasse,foreign,0
Lorient,Thé,france,6395.0
Lorient,Thé,foreign,0
Lorient,"Mousseline, basin et nankin",france,27530.0
Lorient,"Mousseline, basin et nankin",foreign,1003.0
Lorient,Vins de Bordeaux,france,41155.99975
Lorient,Vins de Bordeaux,foreign,0
Lorient,Vin de liqueurs,france,1039.0
Lorient,Vin de liqueurs,foreign,0
Lorient,Cordage et filets,france,396.0
Lorient,Cordage et filets,foreign,0
Lorient,"Cornes, corail, écailles, ivoire et nacre",france,497.9999967
Lorient,"Cornes, corail, écailles, ivoire et nacre",foreign,0
Lorient,Légumes,france,1471.0
Lorient,Légumes,foreign,0
Lorient,Cendres diverses,france,1148.0
Lorient,Cendres diverses,foreign,0
Lorient,Manne et médicaments,france,575.0
Lorient,Manne et médicaments,foreign,0
Lorient,Fruits secs et noix,france,104.5000019
Lorient,Fruits secs et noix,foreign,0
Lorient,Objets d'art et d'histoire naturelle,france,179726.0
Lorient,Objets d'art et d'histoire naturelle,foreign,0
Lorient,Térébenthine,france,1240.0
Lorient,Térébenthine,foreign,0
Marseille,Savon,france,18597959.599232376
Marseille,Savon,foreign,4941.9998
Marseille,Fruits secs et noix,france,511254.49792228005
Marseille,Fruits secs et noix,foreign,333428.077204
Marseille,Matières brutes et transformées pour teinture,france,665838.7577694003
Marseille,Matières brutes et transformées pour teinture,foreign,522057.9210750001
Marseille,Bois divers hors combustible,france,86812.56999400002
Marseille,Bois divers hors combustible,foreign,87013.310604
Marseille,Fils divers,france,3176747.70994
Marseille,Fils divers,foreign,6592063.2019956
Marseille,Coton non transformé,france,4577282.23
Marseille,Coton non transformé,foreign,9074822.0
Marseille,Divers incertains,france,13765.9000065
Marseille,Divers incertains,foreign,0
Marseille,Manne et médicaments,france,488579.31996399997
Marseille,Manne et médicaments,foreign,270478.99875
Marseille,Drogues médicinales diverses,france,145327.47990601
Marseille,Drogues médicinales diverses,foreign,158081.79970749997
Marseille,Réglisse,france,58412.6501329
Marseille,Réglisse,foreign,173172.78445500002
Marseille,Quinquina,france,72255.95
Marseille,Quinquina,foreign,61586.0
Marseille,Séné,france,144346.45
Marseille,Séné,foreign,304606.047501
Marseille,Sels chimiques,france,52645.19993424
Marseille,Sels chimiques,foreign,33523.198704
Marseille,Alun,france,382180.93500584
Marseille,Alun,foreign,230449.48621
Marseille,"Alquifoux, mine de plomb et graphite",france,136779.55
Marseille,"Alquifoux, mine de plomb et graphite",foreign,89006.25099999999
Marseille,Galle,france,434447.29986238
Marseille,Galle,foreign,939939.0
Marseille,Drogues diverses,france,367790.25931572
Marseille,Drogues diverses,foreign,626064.4102335
Marseille,Gommes diverses,france,333079.02999531996
Marseille,Gommes diverses,foreign,834691.2976
Marseille,Eaux-de-vie et liqueurs,france,258495.57505654998
Marseille,Eaux-de-vie et liqueurs,foreign,67057.0
Marseille,Poivre et piment,france,907606.142725
Marseille,Poivre et piment,foreign,1123298.2267190001
Marseille,Matières premières diverses,france,272389.14521750004
Marseille,Matières premières diverses,foreign,382874.28541979956
Marseille,Fruits frais,france,329514.5216063269
Marseille,Fruits frais,foreign,449393.7100875
Marseille,Riz,france,693967.3634905299
Marseille,Riz,foreign,1076381.77251
Marseille,"Graines de trèfle, de luzerne et de prairie",france,15318.440000000002
Marseille,"Graines de trèfle, de luzerne et de prairie",foreign,0
Marseille,Huile d'olive à manger,france,1819192.0506603601
Marseille,Huile d'olive à manger,foreign,0
Marseille,Huile de poisson,france,290608.06998
Marseille,Huile de poisson,foreign,0
Marseille,Bouchons principalement en liège,france,25811.0047863216
Marseille,Bouchons principalement en liège,foreign,16637.7009
Marseille,"Ouvrages de bois, liège et jonc",france,413803.308747
Marseille,"Ouvrages de bois, liège et jonc",foreign,901909.38865
Marseille,Boissons diverses et mélangées,france,55092.0
Marseille,Boissons diverses et mélangées,foreign,18645.879664
Marseille,Divers mélangés,france,41681.0
Marseille,Divers mélangés,foreign,23634.489906
Marseille,Miel,france,912.40001492
Marseille,Miel,foreign,611.700003
Marseille,Parfumerie et toilette,france,55686.260030000005
Marseille,Parfumerie et toilette,foreign,153631.897653
Marseille,"Cuirs, peaux et pelleterie",france,2951599.3550000004
Marseille,"Cuirs, peaux et pelleterie",foreign,3648410.2506031995
Marseille,Poissons et fruits de mer,france,2195627.5623391005
Marseille,Poissons et fruits de mer,foreign,660943.07804
Marseille,"Porcelaine, poterie, faïence et ouvrages de terre",france,173649.56993226003
Marseille,"Porcelaine, poterie, faïence et ouvrages de terre",foreign,163355.91595818
Marseille,Salpêtre et soufre,france,268875.6924386
Marseille,Salpêtre et soufre,foreign,252549.151989
Marseille,"Bougies, chandelles et flambeaux",france,27364.80001244
Marseille,"Bougies, chandelles et flambeaux",foreign,7022.949901
Marseille,Verrerie,france,47256.549999999996
Marseille,Verrerie,foreign,26139.619339999997
Marseille,Vins divers,france,132848.9
Marseille,Vins divers,foreign,148003.8034354
Marseille,Vin de liqueurs,france,5180.74
Marseille,Vin de liqueurs,foreign,6197.12
Marseille,Laines non transformées diverses,france,1202921.688355
Marseille,Laines non transformées diverses,foreign,4006678.296806
Marseille,Ouvrages divers et mélangés,france,191204.78997859996
Marseille,Ouvrages divers et mélangés,foreign,137180.67475
Marseille,Sirop et mélasse,france,6407.980021
Marseille,Sirop et mélasse,foreign,3474.0
Marseille,Cochenille,france,787188.0
Marseille,Cochenille,foreign,2122500.0
Marseille,Denrées coloniales et épiceries diverses,france,43965.040005
Marseille,Denrées coloniales et épiceries diverses,foreign,17929.900062
Marseille,Subsistances diverses et mélangées,france,123027.44466974
Marseille,Subsistances diverses et mélangées,foreign,99025.24097117
Marseille,Papier,france,32375.2
Marseille,Papier,foreign,17159.0
Marseille,Alcalis,france,389310.89005295
Marseille,Alcalis,foreign,1404790.97632
Marseille,Safran,france,268410.45
Marseille,Safran,foreign,486699.28945965995
Marseille,Verdet,france,2373.5
Marseille,Verdet,foreign,1353.0
Marseille,Toiles de coton,france,62131.5
Marseille,Toiles de coton,foreign,408936.8
Marseille,Produits inconnus,france,213094.39989067998
Marseille,Produits inconnus,foreign,0
Marseille,Étoffes de laine,france,2863639.7350000003
Marseille,Étoffes de laine,foreign,5056473.5901420005
Marseille,Marbre brut et ouvré,france,184819.47078
Marseille,Marbre brut et ouvré,foreign,386119.599918
Marseille,Graisses diverses,france,130195.65083826
Marseille,Graisses diverses,foreign,597423.267138
Marseille,Cuivre,france,1152120.80016
Marseille,Cuivre,foreign,1240159.05
Marseille,Bijouterie et pierres fines,france,2515.5
Marseille,Bijouterie et pierres fines,foreign,99178.5
Marseille,Graines de jardin,france,4108.7
Marseille,Graines de jardin,foreign,0
Marseille,Mercerie,france,56562.6
Marseille,Mercerie,foreign,199737.99842879997
Marseille,"Bière, cidre et vinaigre",france,9572.8160045
Marseille,"Bière, cidre et vinaigre",foreign,10454.00015
Marseille,Colles diverses,france,50449.209944
Marseille,Colles diverses,foreign,35779.88123
Marseille,Acier,france,7208.499937
Marseille,Acier,foreign,39224.930810000005
Marseille,Cacao et chocolat,france,68049.5010876
Marseille,Cacao et chocolat,foreign,223375.99799475
Marseille,Beurre,france,3038.8
Marseille,Beurre,foreign,2968.199988
Marseille,Combustibles dont charbons et bois,france,3176.17495308
Marseille,Combustibles dont charbons et bois,foreign,279610.977975
Marseille,Café,france,159823.6
Marseille,Café,foreign,15707656.200000001
Marseille,Indigo,france,354190.5
Marseille,Indigo,foreign,2071612.25
Marseille,Bâtiments de mer et apparaux,france,13055.7
Marseille,Bâtiments de mer et apparaux,foreign,32570.340088
Marseille,Rocou,france,11440.65
Marseille,Rocou,foreign,56499.5
Marseille,Bois des Indes,france,403.65
Marseille,Bois des Indes,foreign,22766.130026
Marseille,Habits et lingerie,france,31410.0
Marseille,Habits et lingerie,foreign,89582.251735
Marseille,Sucre,france,2396650.331242501
Marseille,Sucre,foreign,13853256.0
Marseille,Bonneterie hors soie,france,4918.35
Marseille,Bonneterie hors soie,foreign,18946.199969
Marseille,"Filoselle, fleuret et bourre de soie",france,2946.0
Marseille,"Filoselle, fleuret et bourre de soie",foreign,5706.0
Marseille,"Brai, goudron et résines",france,19743.590049000002
Marseille,"Brai, goudron et résines",foreign,142509.41787
Marseille,Cendres diverses,france,75960.36643
Marseille,Cendres diverses,foreign,1765900.69919
Marseille,"Gravelée, potasse et védasse",france,7444.56005332
Marseille,"Gravelée, potasse et védasse",foreign,344167.88
Marseille,Chairs et œufs,france,27618.900305
Marseille,Chairs et œufs,foreign,27443.6105618
Marseille,Chanvre,france,769236.7679350001
Marseille,Chanvre,foreign,1624047.255225
Marseille,Chapeaux d'écorce et de paille,france,18282.0
Marseille,Chapeaux d'écorce et de paille,foreign,15740.300544
Marseille,Cire,france,140094.55041999999
Marseille,Cire,foreign,759934.817086
Marseille,"Cornes, corail, écailles, ivoire et nacre",france,70533.32001
Marseille,"Cornes, corail, écailles, ivoire et nacre",foreign,41034.029888
Marseille,Cordage et filets,france,76049.509888
Marseille,Cordage et filets,foreign,76746.49945
Marseille,Textiles manufacturés divers et mélangés,france,54688.5
Marseille,Textiles manufacturés divers et mélangés,foreign,7988.0
Marseille,Poils et crin,france,1808463.29
Marseille,Poils et crin,foreign,55667.850189
Marseille,Tabac,france,0
Marseille,Tabac,foreign,355939.392
Marseille,Ouvrages métalliques,france,774528.6180025
Marseille,Ouvrages métalliques,foreign,2729927.1041840003
Marseille,Dentelles,france,0
Marseille,Dentelles,foreign,600.0
Marseille,Huiles diverses,france,14400.200009999999
Marseille,Huiles diverses,foreign,19005678.949804
Marseille,Salsepareille,france,20622.8999163
Marseille,Salsepareille,foreign,196711.2072
Marseille,Monnaies et métaux précieux,france,3094.0
Marseille,Monnaies et métaux précieux,foreign,31317.0
Marseille,Métaux divers et mélangés,france,18477.6
Marseille,Métaux divers et mélangés,foreign,9240.0
Marseille,Azur et cobalt,france,13028.899925
Marseille,Azur et cobalt,foreign,4628.25
Marseille,Céruse et blanc de plomb,france,14922.04995
Marseille,Céruse et blanc de plomb,foreign,21850.8
Marseille,Garance,france,444853.39006138
Marseille,Garance,foreign,227133.00312
Marseille,Cannelle,france,46856.0
Marseille,Cannelle,foreign,227614.0
Marseille,Girofle,france,157228.0
Marseille,Girofle,foreign,383394.0
Marseille,Muscades,france,4676.4
Marseille,Muscades,foreign,11214.0
Marseille,Étain,france,108529.55002086
Marseille,Étain,foreign,117814.99
Marseille,Étoffes de soie,france,2714.0
Marseille,Étoffes de soie,foreign,159800.0
Marseille,Étoffes diverses,france,1186.0
Marseille,Étoffes diverses,foreign,347916.0
Marseille,"Farine, gruau, biscuits et pâtes",france,271257.00467999995
Marseille,"Farine, gruau, biscuits et pâtes",foreign,445031.28969599993
Marseille,Fer,france,61392.795000000006
Marseille,Fer,foreign,19013.11944
Marseille,Fer-blanc,france,266279.9146
Marseille,Fer-blanc,foreign,113026.6
Marseille,Fromage,france,108280.84939739999
Marseille,Fromage,foreign,366042.755665
Marseille,Blé et autres grains comestibles,france,5776580.038044179
Marseille,Blé et autres grains comestibles,foreign,12739068.841439998
Marseille,Graines diverses et mélangées,france,19353.85005
Marseille,Graines diverses et mélangées,foreign,42549.549615
Marseille,Graines grasses,france,142.75
Marseille,Graines grasses,foreign,13009.07949
Marseille,Soieries diverses,france,105.0
Marseille,Soieries diverses,foreign,3864951.0
Marseille,Horlogerie,france,2812.0
Marseille,Horlogerie,foreign,54765.0
Marseille,Quincaillerie,france,85261.81992
Marseille,Quincaillerie,foreign,142751.59100000001
Marseille,Légumes,france,307763.24886999995
Marseille,Légumes,foreign,427915.620114
Marseille,Lin,france,28544.299999999996
Marseille,Lin,foreign,2655.0
Marseille,Librairie,france,34008.000185
Marseille,Librairie,foreign,15068.0
Marseille,Châles et mouchoirs de soie,france,0
Marseille,Châles et mouchoirs de soie,foreign,61204.0
Marseille,Argenterie et orfèvrerie,france,0
Marseille,Argenterie et orfèvrerie,foreign,6912.0
Marseille,Plumes brutes,france,31763.25
Marseille,Plumes brutes,foreign,10574.19972
Marseille,"Faucilles, faux et limes",france,47560.781752
Marseille,"Faucilles, faux et limes",foreign,13240.20006
Marseille,Rubanerie et passementerie de soie,france,2500.0
Marseille,Rubanerie et passementerie de soie,foreign,95080.0
Marseille,Rubanerie et passementerie diverse,france,0
Marseille,Rubanerie et passementerie diverse,foreign,17817.5
Marseille,Soie,france,452609.0
Marseille,Soie,foreign,4655569.0
Marseille,Thé,france,2045.75
Marseille,Thé,foreign,13395.0
Marseille,Toiles diverses,france,37044.7
Marseille,Toiles diverses,foreign,468640.4
Marseille,Toiles de chanvre et de lin,france,1050.0
Marseille,Toiles de chanvre et de lin,foreign,694781.6090200001
Marseille,Plomb,france,207248.86399420002
Marseille,Plomb,foreign,65348.0
Marseille,Bonneterie de soie,france,2016.0
Marseille,Bonneterie de soie,foreign,0
Marseille,Chapeaux hors paille et écorce,france,300497.83999999997
Marseille,Chapeaux hors paille et écorce,foreign,0
Marseille,Objets d'art et d'histoire naturelle,france,28488.0
Marseille,Objets d'art et d'histoire naturelle,foreign,0
Marseille,"Meubles, glaces et miroirs",france,42893.5
Marseille,"Meubles, glaces et miroirs",foreign,0
Marseille,Châles et mouchoirs hors soie,france,1494.0
Marseille,Châles et mouchoirs hors soie,foreign,0
Marseille,Cordonnerie et sellerie,france,4744.0
Marseille,Cordonnerie et sellerie,foreign,0
Marseille,"Armes, munitions, poudre et pierres à fusil",france,1550.0
Marseille,"Armes, munitions, poudre et pierres à fusil",foreign,0
Marseille,Mercure,france,23910.0
Marseille,Mercure,foreign,0
Marseille,Gants,france,660.0
Marseille,Gants,foreign,0
Marseille,Fleurs artificielles et ouvrages de mode,france,2141.0
Marseille,Fleurs artificielles et ouvrages de mode,foreign,0
Marseille,Animaux,france,5968.0
Marseille,Animaux,foreign,0
Marseille,Provisions diverses,france,2063.100078
Marseille,Provisions diverses,foreign,0
Marseille,Térébenthine,france,99.60000000000001
Marseille,Térébenthine,foreign,0
