departure,departure_state,destination,destination_state,rel_tonnage,cargo_type,ship_tonnage,ship_tonnage_class,ship_tonnage_class_ranking,year
Cherbourg,France,Charente,France,90.0,Matières premières,90,[51-100],c,1787
Dunkerque,France,Islande,Danemark,50.0,Pêche,50,[21-50],b,1787
Dunkerque,France,Islande,Danemark,40.0,Pêche,40,[21-50],b,1787
Dunkerque,France,Islande,Danemark,36.0,Pêche,36,[21-50],b,1787
Dunkerque,France,Islande,Danemark,45.0,Pêche,45,[21-50],b,1787
Dunkerque,France,Islande,Danemark,160.0,Pêche,160,[101-200],d,1787
Dunkerque,France,Nieuport,Autriche,20.0,Subsistances,20,[1-20],a,1787
Dunkerque,France,Islande,Danemark,220.0,Pêche,220,[201-500],e,1787
Dunkerque,France,Islande,Danemark,90.0,Pêche,90,[51-100],c,1787
Dunkerque,France,Islande,Danemark,50.0,Pêche,50,[21-50],b,1787
Dunkerque,France,Islande,Danemark,70.0,Pêche,70,[51-100],c,1787
Dunkerque,France,Islande,Danemark,80.0,Pêche,80,[51-100],c,1787
Dunkerque,France,Itlands [Shetland],Grande-Bretagne,20.0,[vide],40,[21-50],b,1787
Dunkerque,France,Itlands [Shetland],Grande-Bretagne,20.0,[vide],40,[21-50],b,1787
Baie d' Authie,France,Dunkerque,France,52.0,Subsistances,52,[51-100],c,1787
Dunkerque,France,Liverpool,Grande-Bretagne,38.0,[vide],76,[51-100],c,1787
Dunkerque,France,Liverpool,Grande-Bretagne,38.0,Subsistances,76,[51-100],c,1787
Dunkerque,France,Ostende,Autriche,30.0,Subsistances,30,[21-50],b,1787
Dunkerque,France,Itlands [Shetland],Grande-Bretagne,20.0,[vide],40,[21-50],b,1787
Dunkerque,France,Itlands [Shetland],Grande-Bretagne,20.0,Subsistances,40,[21-50],b,1787
Dunkerque,France,Barcelonne,Espagne,280.0,Objets manufacturés,280,[201-500],e,1787
Dunkerque,France,Itlands [Shetland],Grande-Bretagne,15.0,[vide],30,[21-50],b,1787
Dunkerque,France,Itlands [Shetland],Grande-Bretagne,15.0,[vide],30,[21-50],b,1787
Dunkerque,France,Itlands [Shetland],Grande-Bretagne,13.333333333333334,[vide],40,[21-50],b,1787
Dunkerque,France,Itlands [Shetland],Grande-Bretagne,13.333333333333334,Subsistances,40,[21-50],b,1787
Dunkerque,France,Itlands [Shetland],Grande-Bretagne,13.333333333333334,[vide],40,[21-50],b,1787
Dunkerque,France,Gand,Autriche,15.0,Objets manufacturés,30,[21-50],b,1787
Dunkerque,France,Gand,Autriche,15.0,Subsistances,30,[21-50],b,1787
Dunkerque,France,Ostende,Autriche,15.0,Subsistances,30,[21-50],b,1787
Dunkerque,France,Ostende,Autriche,15.0,Subsistances,30,[21-50],b,1787
Dunkerque,France,Ostende,Autriche,10.0,Objets manufacturés,30,[21-50],b,1787
Dunkerque,France,Ostende,Autriche,10.0,Subsistances,30,[21-50],b,1787
Dunkerque,France,Ostende,Autriche,10.0,Subsistances,30,[21-50],b,1787
Dunkerque,France,Ostende,Autriche,15.0,Objets manufacturés,30,[21-50],b,1787
Dunkerque,France,Ostende,Autriche,15.0,Matières premières,30,[21-50],b,1787
Dunkerque,France,Itlands [Shetland],Grande-Bretagne,13.333333333333334,Subsistances,40,[21-50],b,1787
Dunkerque,France,Itlands [Shetland],Grande-Bretagne,13.333333333333334,[vide],40,[21-50],b,1787
Dunkerque,France,Itlands [Shetland],Grande-Bretagne,13.333333333333334,[vide],40,[21-50],b,1787
Dunkerque,France,Itlands [Shetland],Grande-Bretagne,30.0,[vide],60,[51-100],c,1787
Dunkerque,France,Itlands [Shetland],Grande-Bretagne,30.0,[vide],60,[51-100],c,1787
Dunkerque,France,Amsterdam,Provinces-Unies,200.0,[vide],200,[101-200],d,1787
Dunkerque,France,Nieuport,Autriche,6.666666666666667,Subsistances,20,[1-20],a,1787
Dunkerque,France,Nieuport,Autriche,6.666666666666667,Objets manufacturés,20,[1-20],a,1787
Dunkerque,France,Nieuport,Autriche,6.666666666666667,Matières premières,20,[1-20],a,1787
Dunkerque,France,Ostende,Autriche,40.0,Subsistances,40,[21-50],b,1787
Dunkerque,France,Ostende,Autriche,4.0,Objets manufacturés,12,[1-20],a,1787
Dunkerque,France,Ostende,Autriche,4.0,Matières premières,12,[1-20],a,1787
Dunkerque,France,Ostende,Autriche,4.0,[vide],12,[1-20],a,1787
Dunkerque,France,Itlands [Shetland],Grande-Bretagne,20.0,[vide],40,[21-50],b,1787
Dunkerque,France,Itlands [Shetland],Grande-Bretagne,20.0,[vide],40,[21-50],b,1787
Dunkerque,France,Ostende,Autriche,25.0,Subsistances,50,[21-50],b,1787
Dunkerque,France,Ostende,Autriche,25.0,[vide],50,[21-50],b,1787
Dunkerque,France,Ostende,Autriche,6.666666666666667,Objets manufacturés,20,[1-20],a,1787
Dunkerque,France,Ostende,Autriche,6.666666666666667,Subsistances,20,[1-20],a,1787
Dunkerque,France,Ostende,Autriche,6.666666666666667,Subsistances,20,[1-20],a,1787
Dunkerque,France,Amsterdam,Provinces-Unies,40.0,[vide],40,[21-50],b,1787
Dunkerque,France,Bergen,Danemark,35.0,Subsistances,35,[21-50],b,1787
Dunkerque,France,Amsterdam,Provinces-Unies,35.0,[vide],70,[51-100],c,1787
Dunkerque,France,Amsterdam,Provinces-Unies,35.0,Subsistances,70,[51-100],c,1787
Le Havre,France,Port au Prince,France,220.0,cargaison inconnue,220,[201-500],e,1787
Rouen,France,Amsterdam,Provinces-Unies,62.0,cargaison inconnue,62,[51-100],c,1787
Noirmoutier,France,Riga,Empire russe,260.0,Subsistances,260,[201-500],e,1787
Dunkerque,France,Londres,Grande-Bretagne,60.0,Subsistances,60,[51-100],c,1787
Dunkerque,France,Londres,Grande-Bretagne,40.0,Subsistances,40,[21-50],b,1787
Dunkerque,France,Londres,Grande-Bretagne,60.0,Subsistances,60,[51-100],c,1787
Quillebeuf,France,Amsterdam,Provinces-Unies,62.0,cargaison inconnue,62,[51-100],c,1787
Le Havre,France,Gand,Autriche,60.0,cargaison inconnue,60,[51-100],c,1787
Le Havre,France,Gand,Autriche,40.0,cargaison inconnue,40,[21-50],b,1787
Le Havre,France,Londres,Grande-Bretagne,250.0,cargaison inconnue,250,[201-500],e,1787
Le Havre,France,Tabago,France,220.0,cargaison inconnue,220,[201-500],e,1787
Saint Valéry sur Somme,France,Amsterdam,Provinces-Unies,35.0,cargaison inconnue,35,[21-50],b,1787
Dunkerque,France,Londres,Grande-Bretagne,130.0,Divers,130,[101-200],d,1787
Dunkerque,France,Emblesence,Grande-Bretagne,30.0,Divers,30,[21-50],b,1787
Dunkerque,France,Pool,Grande-Bretagne,150.0,[vide],150,[101-200],d,1787
Dunkerque,France,Pool,Grande-Bretagne,80.0,[vide],80,[51-100],c,1787
Dunkerque,France,Pool,Grande-Bretagne,150.0,[vide],150,[101-200],d,1787
Dunkerque,France,Rotterdam,Provinces-Unies,75.0,Subsistances,75,[51-100],c,1787
Dunkerque,France,Rotterdam,Provinces-Unies,25.0,Subsistances,50,[21-50],b,1787
Dunkerque,France,Rotterdam,Provinces-Unies,25.0,[vide],50,[21-50],b,1787
Dunkerque,France,Rotterdam,Provinces-Unies,20.0,[vide],40,[21-50],b,1787
Dunkerque,France,Rotterdam,Provinces-Unies,20.0,Subsistances,40,[21-50],b,1787
Dunkerque,France,Rotterdam,Provinces-Unies,20.0,Objets manufacturés,40,[21-50],b,1787
Dunkerque,France,Rotterdam,Provinces-Unies,20.0,[vide],40,[21-50],b,1787
Dunkerque,France,Rotterdam,Provinces-Unies,100.0,Subsistances,100,[51-100],c,1787
Dunkerque,France,Rotterdam,Provinces-Unies,40.0,Subsistances,40,[21-50],b,1787
Dunkerque,France,Rotterdam,Provinces-Unies,40.0,Subsistances,40,[21-50],b,1787
Dunkerque,France,Rotterdam,Provinces-Unies,70.0,Subsistances,70,[51-100],c,1787
Dunkerque,France,Rotterdam,Provinces-Unies,40.0,[vide],40,[21-50],b,1787
Dunkerque,France,Rotterdam,Provinces-Unies,17.5,Subsistances,35,[21-50],b,1787
Dunkerque,France,Rotterdam,Provinces-Unies,17.5,[vide],35,[21-50],b,1787
Dunkerque,France,Flessingue,Provinces-Unies,15.0,Subsistances,30,[21-50],b,1787
Dunkerque,France,Flessingue,Provinces-Unies,15.0,Subsistances,30,[21-50],b,1787
Dunkerque,France,Schiedam,Provinces-Unies,70.0,[vide],70,[51-100],c,1787
Dunkerque,France,Schiedam,Provinces-Unies,90.0,Subsistances,90,[51-100],c,1787
Dunkerque,France,Petersbourg,Empire russe,320.0,Divers,320,[201-500],e,1787
Dunkerque,France,La Louisianne,Espagne,43.333333333333336,Subsistances,130,[101-200],d,1787
Dunkerque,France,La Louisianne,Espagne,43.333333333333336,Objets manufacturés,130,[101-200],d,1787
Dunkerque,France,La Louisianne,Espagne,43.333333333333336,[vide],130,[101-200],d,1787
Dunkerque,France,Côte du Brésil,Portugal,220.0,Pêche,220,[201-500],e,1787
Dunkerque,France,Côte du Brésil,Portugal,270.0,Pêche,270,[201-500],e,1787
Dunkerque,France,Groenland,Danemark,350.0,Pêche,350,[201-500],e,1787
Dunkerque,France,Groenland,Danemark,400.0,Pêche,400,[201-500],e,1787
Dunkerque,France,La Martinique,France,37.5,Industrie française et étrangère,150,[101-200],d,1787
Dunkerque,France,La Martinique,France,37.5,Industrie française et étrangère,150,[101-200],d,1787
Dunkerque,France,La Martinique,France,37.5,Divers,150,[101-200],d,1787
Dunkerque,France,La Martinique,France,37.5,Bêtes de somme,150,[101-200],d,1787
Dunkerque,France,La Martinique,France,250.0,Objets manufacturés,250,[201-500],e,1787
Dunkerque,France,La Martinique,France,116.66666666666667,Subsistances,350,[201-500],e,1787
Dunkerque,France,La Martinique,France,116.66666666666667,Subsistances,350,[201-500],e,1787
Dunkerque,France,La Martinique,France,116.66666666666667,Objets manufacturés,350,[201-500],e,1787
Dunkerque,France,La Martinique,France,66.66666666666667,Bêtes de somme,200,[101-200],d,1787
Dunkerque,France,La Martinique,France,66.66666666666667,Industrie française et étrangère,200,[101-200],d,1787
Dunkerque,France,La Martinique,France,66.66666666666667,Objets manufacturés,200,[101-200],d,1787
Dunkerque,France,La Martinique,France,250.0,Objets manufacturés,250,[201-500],e,1787
Dunkerque,France,La Martinique,France,43.333333333333336,[vide],130,[101-200],d,1787
Dunkerque,France,La Martinique,France,43.333333333333336,Subsistances,130,[101-200],d,1787
Dunkerque,France,La Martinique,France,43.333333333333336,Divers,130,[101-200],d,1787
Dunkerque,France,La Martinique,France,75.0,Industrie française et étrangère,300,[201-500],e,1787
Dunkerque,France,La Martinique,France,75.0,Objets manufacturés,300,[201-500],e,1787
Dunkerque,France,La Martinique,France,75.0,Divers,300,[201-500],e,1787
Dunkerque,France,La Martinique,France,75.0,Bêtes de somme,300,[201-500],e,1787
Dunkerque,France,La Martinique,France,45.0,Subsistances,180,[101-200],d,1787
Dunkerque,France,La Martinique,France,45.0,Objets manufacturés,180,[101-200],d,1787
Dunkerque,France,La Martinique,France,45.0,Subsistances,180,[101-200],d,1787
Dunkerque,France,La Martinique,France,45.0,Industrie française et étrangère,180,[101-200],d,1787
Dunkerque,France,Saint Pierre en Martinique,France,28.333333333333332,Industrie française et étrangère,85,[51-100],c,1787
Dunkerque,France,Saint Pierre en Martinique,France,28.333333333333332,Subsistances,85,[51-100],c,1787
Dunkerque,France,Saint Pierre en Martinique,France,28.333333333333332,Objets manufacturés,85,[51-100],c,1787
Dunkerque,France,Port au Prince,France,100.0,Industrie française et étrangère,400,[201-500],e,1787
Dunkerque,France,Port au Prince,France,100.0,Bêtes de somme,400,[201-500],e,1787
Dunkerque,France,Port au Prince,France,100.0,Divers,400,[201-500],e,1787
Dunkerque,France,Port au Prince,France,100.0,Industrie française et étrangère,400,[201-500],e,1787
Dunkerque,France,Cap [Français],France,100.0,Objets manufacturés,300,[201-500],e,1787
Dunkerque,France,Cap [Français],France,100.0,Bêtes de somme,300,[201-500],e,1787
Dunkerque,France,Cap [Français],France,100.0,Subsistances,300,[201-500],e,1787
Dunkerque,France,Cap [Français],France,63.333333333333336,Industrie française et étrangère,190,[101-200],d,1787
Dunkerque,France,Cap [Français],France,63.333333333333336,Objets manufacturés,190,[101-200],d,1787
Dunkerque,France,Cap [Français],France,63.333333333333336,Industrie française et étrangère,190,[101-200],d,1787
Dunkerque,France,Cap [Français],France,73.33333333333333,Subsistances,220,[201-500],e,1787
Dunkerque,France,Cap [Français],France,73.33333333333333,Industrie française et étrangère,220,[201-500],e,1787
Dunkerque,France,Cap [Français],France,73.33333333333333,Matières premières,220,[201-500],e,1787
Dunkerque,France,Cap [Français],France,115.0,Industrie française et étrangère,230,[201-500],e,1787
Dunkerque,France,Cap [Français],France,115.0,[vide],230,[201-500],e,1787
Dunkerque,France,Cap [Français],France,32.5,Divers,130,[101-200],d,1787
Dunkerque,France,Cap [Français],France,32.5,Subsistances,130,[101-200],d,1787
Dunkerque,France,Cap [Français],France,32.5,Industrie française et étrangère,130,[101-200],d,1787
Dunkerque,France,Cap [Français],France,32.5,Industrie française et étrangère,130,[101-200],d,1787
Dunkerque,France,Cayes Saint Louis,France,300.0,Objets manufacturés,300,[201-500],e,1787
Boulogne sur Mer,France,Rotterdam,Provinces-Unies,40.0,Subsistances,40,[21-50],b,1787
Calais,France,Ostende,Autriche,25.0,cargaison inconnue,25,[21-50],b,1787
Calais,France,Ostende,Autriche,30.0,cargaison inconnue,30,[21-50],b,1787
Abbeville,France,Amsterdam,Provinces-Unies,43.0,Subsistances,43,[21-50],b,1787
Dunkerque,France,Ostende,Autriche,6.0,Subsistances,18,[1-20],a,1787
Dunkerque,France,Ostende,Autriche,6.0,Subsistances,18,[1-20],a,1787
Dunkerque,France,Ostende,Autriche,6.0,[vide],18,[1-20],a,1787
Dunkerque,France,Islande,Danemark,45.0,Pêche,45,[21-50],b,1787
Dunkerque,France,Islande,Danemark,50.0,Pêche,50,[21-50],b,1787
Dunkerque,France,Islande,Danemark,40.0,Pêche,40,[21-50],b,1787
Dunkerque,France,Islande,Danemark,45.0,Pêche,45,[21-50],b,1787
Dunkerque,France,Islande,Danemark,70.0,Pêche,70,[51-100],c,1787
Dunkerque,France,Islande,Danemark,45.0,Pêche,45,[21-50],b,1787
Dunkerque,France,Islande,Danemark,40.0,Pêche,40,[21-50],b,1787
Dunkerque,France,Islande,Danemark,60.0,Pêche,60,[51-100],c,1787
Dunkerque,France,Islande,Danemark,45.0,Pêche,45,[21-50],b,1787
Dunkerque,France,Islande,Danemark,90.0,Pêche,90,[51-100],c,1787
Dunkerque,France,Islande,Danemark,50.0,Pêche,50,[21-50],b,1787
Dunkerque,France,Islande,Danemark,60.0,Pêche,60,[51-100],c,1787
Dunkerque,France,Islande,Danemark,40.0,Pêche,40,[21-50],b,1787
Dunkerque,France,Islande,Danemark,30.0,Pêche,30,[21-50],b,1787
Dunkerque,France,Islande,Danemark,45.0,Pêche,45,[21-50],b,1787
Dunkerque,France,Islande,Danemark,60.0,Pêche,60,[51-100],c,1787
Dunkerque,France,Islande,Danemark,40.0,Pêche,40,[21-50],b,1787
Dunkerque,France,Islande,Danemark,90.0,Pêche,90,[51-100],c,1787
Dunkerque,France,Islande,Danemark,130.0,Pêche,130,[101-200],d,1787
Dunkerque,France,Islande,Danemark,30.0,Pêche,30,[21-50],b,1787
Dunkerque,France,Islande,Danemark,45.0,Pêche,45,[21-50],b,1787
Dunkerque,France,Islande,Danemark,45.0,Pêche,45,[21-50],b,1787
Dunkerque,France,Islande,Danemark,40.0,Pêche,40,[21-50],b,1787
Dunkerque,France,Islande,Danemark,45.0,Pêche,45,[21-50],b,1787
Dunkerque,France,Islande,Danemark,54.0,Pêche,54,[51-100],c,1787
Dunkerque,France,Islande,Danemark,50.0,Pêche,50,[21-50],b,1787
Dunkerque,France,Islande,Danemark,100.0,Pêche,100,[51-100],c,1787
Dunkerque,France,Islande,Danemark,80.0,Pêche,80,[51-100],c,1787
Dunkerque,France,Islande,Danemark,40.0,Pêche,40,[21-50],b,1787
Dunkerque,France,Islande,Danemark,40.0,Pêche,40,[21-50],b,1787
Dunkerque,France,Islande,Danemark,0.0,Pêche,0,inconnu,f,1787
Dunkerque,France,Islande,Danemark,60.0,Pêche,60,[51-100],c,1787
Dunkerque,France,Islande,Danemark,110.0,Pêche,110,[101-200],d,1787
Dunkerque,France,Islande,Danemark,35.0,Pêche,35,[21-50],b,1787
Dunkerque,France,Islande,Danemark,100.0,Pêche,100,[51-100],c,1787
Dunkerque,France,Islande,Danemark,40.0,Pêche,40,[21-50],b,1787
Dunkerque,France,Islande,Danemark,50.0,Pêche,50,[21-50],b,1787
Dunkerque,France,Islande,Danemark,40.0,Pêche,40,[21-50],b,1787
Dunkerque,France,Islande,Danemark,100.0,Pêche,100,[51-100],c,1787
Dunkerque,France,Islande,Danemark,45.0,Pêche,45,[21-50],b,1787
Dunkerque,France,Islande,Danemark,50.0,Pêche,50,[21-50],b,1787
Dunkerque,France,Islande,Danemark,45.0,Pêche,45,[21-50],b,1787
Dunkerque,France,Islande,Danemark,70.0,Pêche,70,[51-100],c,1787
Dunkerque,France,Itlands [Shetland],Grande-Bretagne,10.0,[vide],30,[21-50],b,1787
Dunkerque,France,Itlands [Shetland],Grande-Bretagne,10.0,[vide],30,[21-50],b,1787
Dunkerque,France,Itlands [Shetland],Grande-Bretagne,10.0,Matières premières,30,[21-50],b,1787
Dunkerque,France,Itlands [Shetland],Grande-Bretagne,22.5,[vide],45,[21-50],b,1787
Dunkerque,France,Itlands [Shetland],Grande-Bretagne,22.5,[vide],45,[21-50],b,1787
Dunkerque,France,Itlands [Shetland],Grande-Bretagne,15.0,[vide],30,[21-50],b,1787
Dunkerque,France,Itlands [Shetland],Grande-Bretagne,15.0,[vide],30,[21-50],b,1787
Dunkerque,France,Itlands [Shetland],Grande-Bretagne,15.0,[vide],30,[21-50],b,1787
Dunkerque,France,Itlands [Shetland],Grande-Bretagne,15.0,[vide],30,[21-50],b,1787
Dunkerque,France,Itlands [Shetland],Grande-Bretagne,24.0,[vide],48,[21-50],b,1787
Dunkerque,France,Itlands [Shetland],Grande-Bretagne,24.0,[vide],48,[21-50],b,1787
Dunkerque,France,Amsterdam,Provinces-Unies,70.0,[vide],70,[51-100],c,1787
Dunkerque,France,Amsterdam,Provinces-Unies,45.0,[vide],90,[51-100],c,1787
Dunkerque,France,Amsterdam,Provinces-Unies,45.0,Subsistances,90,[51-100],c,1787
Dunkerque,France,Amsterdam,Provinces-Unies,40.0,Subsistances,40,[21-50],b,1787
Dunkerque,France,Terre Neuve,Grande-Bretagne,90.0,Pêche,90,[51-100],c,1787
Dunkerque,France,Islande,Danemark,90.0,Pêche,90,[51-100],c,1787
Dunkerque,France,Islande,Danemark,90.0,Pêche,90,[51-100],c,1787
Dunkerque,France,Islande,Danemark,45.0,Pêche,45,[21-50],b,1787
Rouen,France,Dunkerque,France,38.0,cargaison inconnue,38,[21-50],b,1787
Etaples,France,Dunkerque,France,25.0,Subsistances,25,[21-50],b,1787
Dunkerque,France,Malaga,Espagne,130.0,Industrie française et étrangère,130,[101-200],d,1787
Dunkerque,France,Marseille,France,160.0,[vide],160,[101-200],d,1787
Le Havre,France,Dunkerque,France,20.0,cargaison inconnue,20,[1-20],a,1787
Dunkerque,France,Banc de Terre Neuve,zone maritime,100.0,Pêche,100,[51-100],c,1787
Dunkerque,France,Banc de Terre Neuve,zone maritime,90.0,Pêche,90,[51-100],c,1787
Rouen,France,Dunkerque,France,25.0,cargaison inconnue,25,[21-50],b,1787
Dunkerque,France,Etaples,France,4.166666666666667,Subsistances,25,[21-50],b,1787
Dunkerque,France,Etaples,France,4.166666666666667,Matières premières,25,[21-50],b,1787
Dunkerque,France,Etaples,France,4.166666666666667,[vide],25,[21-50],b,1787
Dunkerque,France,Etaples,France,4.166666666666667,Matières premières,25,[21-50],b,1787
Dunkerque,France,Etaples,France,4.166666666666667,Objets manufacturés,25,[21-50],b,1787
Dunkerque,France,Etaples,France,4.166666666666667,Subsistances,25,[21-50],b,1787
Dunkerque,France,Saint Valéry sur Somme,France,13.333333333333334,Objets manufacturés,40,[21-50],b,1787
Dunkerque,France,Saint Valéry sur Somme,France,13.333333333333334,Matières premières,40,[21-50],b,1787
Dunkerque,France,Saint Valéry sur Somme,France,13.333333333333334,Subsistances,40,[21-50],b,1787
Dunkerque,France,Banc de Terre Neuve,zone maritime,75.0,Pêche,75,[51-100],c,1787
Dunkerque,France,Bayonne,France,30.0,Matières premières,90,[51-100],c,1787
Dunkerque,France,Bayonne,France,30.0,Industrie française et étrangère,90,[51-100],c,1787
Dunkerque,France,Bayonne,France,30.0,Objets manufacturés,90,[51-100],c,1787
Dunkerque,France,Rouen,France,75.0,Pêche,75,[51-100],c,1787
Dunkerque,France,Saint Valéry sur Somme,France,25.0,Matières premières,25,[21-50],b,1787
Dunkerque,France,Saint Valéry sur Somme,France,30.0,Matières premières,30,[21-50],b,1787
Dunkerque,France,Cherbourg,France,8.0,Subsistances,8,[1-20],a,1787
Dunkerque,France,Bayonne,France,40.0,Matières premières,80,[51-100],c,1787
Dunkerque,France,Bayonne,France,40.0,Objets manufacturés,80,[51-100],c,1787
Dunkerque,France,Marseille,France,120.0,[vide],120,[101-200],d,1787
Dunkerque,France,Banc de Terre Neuve,zone maritime,100.0,Pêche,100,[51-100],c,1787
Dunkerque,France,Noirmoutier,France,260.0,Divers,260,[201-500],e,1787
Etaples,France,Dunkerque,France,42.0,Divers,42,[21-50],b,1787
Etaples,France,Dunkerque,France,25.0,Divers,25,[21-50],b,1787
Dunkerque,France,Calais,France,18.0,Pêche,18,[1-20],a,1787
Bordeaux,France,Dunkerque,France,45.0,[vide],90,[51-100],c,1787
Bordeaux,France,Dunkerque,France,45.0,Subsistances,90,[51-100],c,1787
Bordeaux,France,Dunkerque,France,75.0,Subsistances,150,[101-200],d,1787
Bordeaux,France,Dunkerque,France,75.0,[vide],150,[101-200],d,1787
Bordeaux,France,Dunkerque,France,41.5,[vide],83,[51-100],c,1787
Bordeaux,France,Dunkerque,France,41.5,Subsistances,83,[51-100],c,1787
Dunkerque,France,Cherbourg,France,90.0,[vide],90,[51-100],c,1787
Dunkerque,France,Banc de Terre Neuve,zone maritime,150.0,Pêche,150,[101-200],d,1787
Dunkerque,France,Banc de Terre Neuve,zone maritime,110.0,Pêche,110,[101-200],d,1787
Dunkerque,France,Saint Valéry sur Somme,France,25.0,Pêche,25,[21-50],b,1787
Le Havre,France,Dunkerque,France,75.0,cargaison inconnue,75,[51-100],c,1787
Le Havre,France,Dunkerque,France,38.0,cargaison inconnue,38,[21-50],b,1787
Le Havre,France,Dunkerque,France,50.0,cargaison inconnue,50,[21-50],b,1787
Rouen,France,Dunkerque,France,30.0,cargaison inconnue,30,[21-50],b,1787
Rouen,France,Dunkerque,France,75.0,cargaison inconnue,75,[51-100],c,1787
Rouen,France,Dunkerque,France,40.0,cargaison inconnue,40,[21-50],b,1787
Rouen,France,Dunkerque,France,18.0,cargaison inconnue,18,[1-20],a,1787
Bordeaux,France,Calais,France,65.0,[vide],65,[51-100],c,1787
Bordeaux,France,Dunkerque,France,50.0,[vide],100,[51-100],c,1787
Bordeaux,France,Dunkerque,France,50.0,Subsistances,100,[51-100],c,1787
Bordeaux,France,Le Havre,France,100.0,[vide],200,[101-200],d,1787
Bordeaux,France,Le Havre,France,100.0,Subsistances,200,[101-200],d,1787
Lorient,France,Dunkerque,France,12.25,Subsistances,49,[21-50],b,1787
Lorient,France,Dunkerque,France,12.25,Matières premières,49,[21-50],b,1787
Lorient,France,Dunkerque,France,12.25,Subsistances,49,[21-50],b,1787
Lorient,France,Dunkerque,France,12.25,Subsistances,49,[21-50],b,1787
Nantes,France,Dunkerque,France,50.0,cargaison inconnue,50,[21-50],b,1787
Nantes,France,Dunkerque,France,76.0,cargaison inconnue,76,[51-100],c,1787
Saint Martin de Ré,France,Dunkerque,France,250.0,[vide],250,[201-500],e,1787
Dieppe,France,Dunkerque,France,280.0,cargaison inconnue,280,[201-500],e,1787
Dieppe,France,Dunkerque,France,30.0,cargaison inconnue,30,[21-50],b,1787
Dieppe,France,Dunkerque,France,260.0,cargaison inconnue,260,[201-500],e,1787
Dieppe,France,Dunkerque,France,40.0,cargaison inconnue,40,[21-50],b,1787
Dieppe,France,Dunkerque,France,30.0,cargaison inconnue,30,[21-50],b,1787
Noirmoutier,France,Elseneur,Danemark,260.0,Subsistances,260,[201-500],e,1787
Marennes,France,Dunkerque,France,68.0,Subsistances,68,[51-100],c,1787
Marennes,France,Dunkerque,France,280.0,Subsistances,280,[201-500],e,1787
Marennes,France,Dunkerque,France,250.0,Subsistances,250,[201-500],e,1787
Marennes,France,Dunkerque,France,63.0,Subsistances,63,[51-100],c,1787
Marennes,France,Dunkerque,France,116.0,Subsistances,116,[101-200],d,1787
Marennes,France,Dunkerque,France,190.5,[vide],381,[201-500],e,1787
Marennes,France,Dunkerque,France,190.5,Subsistances,381,[201-500],e,1787
Marennes,France,Dunkerque,France,250.0,Subsistances,250,[201-500],e,1787
Lorient,France,Rouen,France,49.0,Matières premières,49,[21-50],b,1787
Boulogne sur Mer,France,Dunkerque,France,30.0,Matières premières,30,[21-50],b,1787
Boulogne sur Mer,France,Dunkerque,France,30.0,Matières premières,30,[21-50],b,1787
Boulogne sur Mer,France,Dunkerque,France,30.0,Matières premières,30,[21-50],b,1787
Charente,France,Dunkerque,France,90.0,cargaison inconnue,90,[51-100],c,1787
Bordeaux,France,La Rochelle,France,110.0,[vide],110,[101-200],d,1787
Le Havre,France,Brest,France,240.0,cargaison inconnue,240,[201-500],e,1787
Bayonne,France,Bordeaux,France,50.0,Subsistances,100,[51-100],c,1787
Bayonne,France,Bordeaux,France,50.0,Industrie française et étrangère,100,[51-100],c,1787
Saint Valéry sur Somme,France,Dunkerque,France,38.0,cargaison inconnue,38,[21-50],b,1787
Saint Valéry sur Somme,France,Dunkerque,France,35.0,cargaison inconnue,35,[21-50],b,1787
Saint Valéry sur Somme,France,Dunkerque,France,42.0,cargaison inconnue,42,[21-50],b,1787
Saint Valéry sur Somme,France,Dunkerque,France,43.0,cargaison inconnue,43,[21-50],b,1787
Saint Valéry sur Somme,France,Dunkerque,France,38.0,cargaison inconnue,38,[21-50],b,1787
Saint Valéry sur Somme,France,Dunkerque,France,35.0,cargaison inconnue,35,[21-50],b,1787
Saint Valéry sur Somme,France,Dunkerque,France,40.0,cargaison inconnue,40,[21-50],b,1787
Saint Valéry sur Somme,France,Dunkerque,France,42.0,cargaison inconnue,42,[21-50],b,1787
Saint Valéry sur Somme,France,Dunkerque,France,52.0,cargaison inconnue,52,[51-100],c,1787
Saint Valéry sur Somme,France,Dunkerque,France,60.0,cargaison inconnue,60,[51-100],c,1787
Saint Valéry sur Somme,France,Dunkerque,France,35.0,cargaison inconnue,35,[21-50],b,1787
Saint Valéry sur Somme,France,Dunkerque,France,42.0,cargaison inconnue,42,[21-50],b,1787
Saint Valéry sur Somme,France,Dunkerque,France,40.0,cargaison inconnue,40,[21-50],b,1787
Saint Valéry sur Somme,France,Le Crotoy,France,43.0,cargaison inconnue,43,[21-50],b,1787
La Rochelle,France,Oléron,France,110.0,cargaison inconnue,110,[101-200],d,1787
Dunkerque,France,Barcelonne,Espagne,150.0,Objets manufacturés,150,[101-200],d,1787
Dunkerque,France,Barcelonne,Espagne,90.0,Objets manufacturés,180,[101-200],d,1787
Dunkerque,France,Barcelonne,Espagne,90.0,Matières premières,180,[101-200],d,1787
Dunkerque,France,Barcelonne,Espagne,160.0,cargaison inconnue,160,[101-200],d,1787
Dunkerque,France,Barcelonne,Espagne,150.0,[vide],150,[101-200],d,1787
Dunkerque,France,Barcelonne,Espagne,75.0,Objets manufacturés,150,[101-200],d,1787
Dunkerque,France,Barcelonne,Espagne,75.0,[vide],150,[101-200],d,1787
Dunkerque,France,Barcelonne,Espagne,125.0,[vide],250,[201-500],e,1787
Dunkerque,France,Barcelonne,Espagne,125.0,Objets manufacturés,250,[201-500],e,1787
Dunkerque,France,Barcelonne,Espagne,160.0,[vide],160,[101-200],d,1787
Dunkerque,France,Barcelonne,Espagne,125.0,Objets manufacturés,250,[201-500],e,1787
Dunkerque,France,Barcelonne,Espagne,125.0,[vide],250,[201-500],e,1787
Dunkerque,France,Cadix,Espagne,300.0,Objets manufacturés,300,[201-500],e,1787
Dunkerque,France,Rouen,France,38.0,Pêche,38,[21-50],b,1787
Dunkerque,France,Rouen,France,25.0,Pêche,25,[21-50],b,1787
Dunkerque,France,Rouen,France,25.0,Pêche,25,[21-50],b,1787
Dunkerque,France,Rouen,France,30.0,Pêche,30,[21-50],b,1787
Dunkerque,France,Rouen,France,40.0,Pêche,40,[21-50],b,1787
Dunkerque,France,Rouen,France,25.0,Pêche,25,[21-50],b,1787
Dunkerque,France,Rouen,France,40.0,Pêche,40,[21-50],b,1787
Dunkerque,France,Rouen,France,40.0,Pêche,40,[21-50],b,1787
Dunkerque,France,Rouen,France,75.0,Pêche,75,[51-100],c,1787
Dunkerque,France,Rouen,France,25.0,Pêche,25,[21-50],b,1787
Dunkerque,France,Rouen,France,40.0,Pêche,40,[21-50],b,1787
Dunkerque,France,Rouen,France,30.0,Pêche,30,[21-50],b,1787
Dunkerque,France,Rouen,France,62.0,Pêche,62,[51-100],c,1787
Dunkerque,France,Rouen,France,8.333333333333334,[vide],25,[21-50],b,1787
Dunkerque,France,Rouen,France,8.333333333333334,Industrie française et étrangère,25,[21-50],b,1787
Dunkerque,France,Rouen,France,8.333333333333334,Objets manufacturés,25,[21-50],b,1787
Dunkerque,France,Rouen,France,18.0,Pêche,18,[1-20],a,1787
Dunkerque,France,Rouen,France,6.0,Drogues,30,[21-50],b,1787
Dunkerque,France,Rouen,France,6.0,Matières premières,30,[21-50],b,1787
Dunkerque,France,Rouen,France,6.0,Subsistances,30,[21-50],b,1787
Dunkerque,France,Rouen,France,6.0,Industrie française et étrangère,30,[21-50],b,1787
Dunkerque,France,Rouen,France,6.0,Matières premières,30,[21-50],b,1787
Dunkerque,France,Rouen,France,40.0,Pêche,40,[21-50],b,1787
Dunkerque,France,Rouen,France,25.0,Matières premières,25,[21-50],b,1787
Dunkerque,France,Rouen,France,30.0,Pêche,30,[21-50],b,1787
Dunkerque,France,Rouen,France,50.0,Pêche,50,[21-50],b,1787
Dunkerque,France,Rouen,France,75.0,Pêche,75,[51-100],c,1787
Dunkerque,France,Rouen,France,40.0,Pêche,40,[21-50],b,1787
Dunkerque,France,Rouen,France,25.0,Pêche,25,[21-50],b,1787
Dunkerque,France,Calais,France,7.5,Subsistances,15,[1-20],a,1787
Dunkerque,France,Calais,France,7.5,Industrie française et étrangère,15,[1-20],a,1787
Dunkerque,France,Calais,France,4.0,Objets manufacturés,8,[1-20],a,1787
Dunkerque,France,Calais,France,4.0,Subsistances,8,[1-20],a,1787
Dunkerque,France,Calais,France,10.0,Matières premières,20,[1-20],a,1787
Dunkerque,France,Calais,France,10.0,Subsistances,20,[1-20],a,1787
Dunkerque,France,Calais,France,40.0,Divers,40,[21-50],b,1787
Dunkerque,France,Calais,France,25.0,Matières premières,25,[21-50],b,1787
Dunkerque,France,Sette,France,90.0,Objets manufacturés,180,[101-200],d,1787
Dunkerque,France,Sette,France,90.0,[vide],180,[101-200],d,1787
Dunkerque,France,Sette,France,230.0,[vide],230,[201-500],e,1787
Dunkerque,France,Sette,France,220.0,[vide],220,[201-500],e,1787
Dunkerque,France,Sette,France,180.0,[vide],180,[101-200],d,1787
Dunkerque,France,Bordeaux,France,26.666666666666668,[vide],80,[51-100],c,1787
Dunkerque,France,Bordeaux,France,26.666666666666668,Industrie française et étrangère,80,[51-100],c,1787
Dunkerque,France,Bordeaux,France,26.666666666666668,Objets manufacturés,80,[51-100],c,1787
Dunkerque,France,Bordeaux,France,75.0,[vide],150,[101-200],d,1787
Dunkerque,France,Bordeaux,France,75.0,Objets manufacturés,150,[101-200],d,1787
Dunkerque,France,Le Havre,France,5.0,Objets manufacturés,20,[1-20],a,1787
Dunkerque,France,Le Havre,France,5.0,Bêtes de somme,20,[1-20],a,1787
Dunkerque,France,Le Havre,France,5.0,Subsistances,20,[1-20],a,1787
Dunkerque,France,Le Havre,France,5.0,Industrie française et étrangère,20,[1-20],a,1787
Dunkerque,France,Le Havre,France,240.0,Pêche,240,[201-500],e,1787
Dunkerque,France,Le Havre,France,10.0,Objets manufacturés,20,[1-20],a,1787
Dunkerque,France,Le Havre,France,10.0,Industrie française et étrangère,20,[1-20],a,1787
Dunkerque,France,Le Havre,France,250.0,Divers,250,[201-500],e,1787
Dunkerque,France,Le Havre,France,38.0,Pêche,38,[21-50],b,1787
Dunkerque,France,Etaples,France,14.0,Objets manufacturés,42,[21-50],b,1787
Dunkerque,France,Etaples,France,14.0,Subsistances,42,[21-50],b,1787
Dunkerque,France,Etaples,France,14.0,Subsistances,42,[21-50],b,1787
Dunkerque,France,Etaples,France,14.0,Subsistances,42,[21-50],b,1787
Dunkerque,France,Etaples,France,14.0,Subsistances,42,[21-50],b,1787
Dunkerque,France,Etaples,France,14.0,Objets manufacturés,42,[21-50],b,1787
Dunkerque,France,Etaples,France,10.5,Subsistances,42,[21-50],b,1787
Dunkerque,France,Etaples,France,10.5,Objets manufacturés,42,[21-50],b,1787
Dunkerque,France,Etaples,France,10.5,Subsistances,42,[21-50],b,1787
Dunkerque,France,Etaples,France,10.5,Industrie française et étrangère,42,[21-50],b,1787
Dunkerque,France,Etaples,France,42.0,Objets manufacturés,42,[21-50],b,1787
Dunkerque,France,Etaples,France,13.333333333333334,Subsistances,40,[21-50],b,1787
Dunkerque,France,Etaples,France,13.333333333333334,Subsistances,40,[21-50],b,1787
Dunkerque,France,Etaples,France,13.333333333333334,Objets manufacturés,40,[21-50],b,1787
Dunkerque,France,Etaples,France,14.0,Subsistances,42,[21-50],b,1787
Dunkerque,France,Etaples,France,14.0,Matières premières,42,[21-50],b,1787
Dunkerque,France,Etaples,France,14.0,Subsistances,42,[21-50],b,1787
Dunkerque,France,Etaples,France,14.0,Objets manufacturés,42,[21-50],b,1787
Dunkerque,France,Etaples,France,14.0,Matières premières,42,[21-50],b,1787
Dunkerque,France,Etaples,France,14.0,Subsistances,42,[21-50],b,1787
Dunkerque,France,Etaples,France,12.5,Objets manufacturés,25,[21-50],b,1787
Dunkerque,France,Etaples,France,12.5,Subsistances,25,[21-50],b,1787
Dunkerque,France,Etaples,France,17.5,[vide],35,[21-50],b,1787
Dunkerque,France,Etaples,France,17.5,Subsistances,35,[21-50],b,1787
Dunkerque,France,Etaples,France,10.5,Subsistances,42,[21-50],b,1787
Dunkerque,France,Etaples,France,10.5,Matières premières,42,[21-50],b,1787
Dunkerque,France,Etaples,France,10.5,Subsistances,42,[21-50],b,1787
Dunkerque,France,Etaples,France,10.5,Matières premières,42,[21-50],b,1787
Dunkerque,France,Ambleteuse,France,30.0,Divers,30,[21-50],b,1787
Dunkerque,France,Genes,République de Gênes,53.333333333333336,Objets manufacturés,160,[101-200],d,1787
Dunkerque,France,Genes,République de Gênes,53.333333333333336,Industrie française et étrangère,160,[101-200],d,1787
Dunkerque,France,Genes,République de Gênes,53.333333333333336,Matières premières,160,[101-200],d,1787
Dunkerque,France,Genes,République de Gênes,50.0,Industrie française et étrangère,150,[101-200],d,1787
Dunkerque,France,Genes,République de Gênes,50.0,Matières premières,150,[101-200],d,1787
Dunkerque,France,Genes,République de Gênes,50.0,Objets manufacturés,150,[101-200],d,1787
Dunkerque,France,Lisbonne,Portugal,130.0,[vide],130,[101-200],d,1787
Dunkerque,France,Lisbonne,Portugal,150.0,[vide],150,[101-200],d,1787
Dunkerque,France,Lisbonne,Portugal,200.0,[vide],200,[101-200],d,1787
Dunkerque,France,Lisbonne,Portugal,130.0,Divers,130,[101-200],d,1787
Dunkerque,France,Setubal,Portugal,110.0,Divers,110,[101-200],d,1787
Dunkerque,France,Setubal,Portugal,100.0,Divers,100,[51-100],c,1787
Dunkerque,France,Setubal,Portugal,120.0,Matières premières,120,[101-200],d,1787
Dunkerque,France,Setubal,Portugal,75.0,[vide],150,[101-200],d,1787
Dunkerque,France,Setubal,Portugal,75.0,[vide],150,[101-200],d,1787
Dunkerque,France,Setubal,Portugal,100.0,[vide],100,[51-100],c,1787
Dunkerque,France,Setubal,Portugal,120.0,Divers,120,[101-200],d,1787
Dunkerque,France,Setubal,Portugal,90.0,Divers,90,[51-100],c,1787
Dunkerque,France,Setubal,Portugal,98.0,Divers,98,[51-100],c,1787
Dunkerque,France,Setubal,Portugal,90.0,Divers,90,[51-100],c,1787
Dunkerque,France,Setubal,Portugal,110.0,Divers,110,[101-200],d,1787
Dunkerque,France,Setubal,Portugal,50.0,[vide],100,[51-100],c,1787
Dunkerque,France,Setubal,Portugal,50.0,Subsistances,100,[51-100],c,1787
Dunkerque,France,Setubal,Portugal,100.0,Divers,100,[51-100],c,1787
Dunkerque,France,Setubal,Portugal,140.0,Divers,140,[101-200],d,1787
Dunkerque,France,Setubal,Portugal,100.0,Divers,100,[51-100],c,1787
Dunkerque,France,Setubal,Portugal,90.0,Divers,90,[51-100],c,1787
Cherbourg,France,Calais,France,8.0,Matières premières,8,[1-20],a,1787
Cherbourg,France,Le Havre,France,75.0,Matières premières,75,[51-100],c,1787
Cherbourg,France,Le Havre,France,60.0,Matières premières,60,[51-100],c,1787
Cherbourg,France,Dunkerque,France,6.0,Matières premières,6,[1-20],a,1787
Cherbourg,France,Cancale,France,8.0,Subsistances,8,[1-20],a,1787
Calais,France,Boulogne sur Mer,France,25.0,cargaison inconnue,25,[21-50],b,1787
Cherbourg,France,La Rochelle,France,49.0,Matières premières,49,[21-50],b,1787
Dunkerque,France,Tabago,France,350.0,Objets manufacturés,350,[201-500],e,1787
Dunkerque,France,Ostende,Autriche,18.0,Subsistances,18,[1-20],a,1787
Dunkerque,France,Ostende,Autriche,10.0,Subsistances,30,[21-50],b,1787
Dunkerque,France,Ostende,Autriche,10.0,Subsistances,30,[21-50],b,1787
Dunkerque,France,Ostende,Autriche,10.0,Subsistances,30,[21-50],b,1787
Dunkerque,France,Ostende,Autriche,42.0,Subsistances,42,[21-50],b,1787
Dunkerque,France,Amsterdam,Provinces-Unies,42.0,Subsistances,42,[21-50],b,1787
Dunkerque,France,Ostende,Autriche,8.333333333333334,Subsistances,25,[21-50],b,1787
Dunkerque,France,Ostende,Autriche,8.333333333333334,Subsistances,25,[21-50],b,1787
Dunkerque,France,Ostende,Autriche,8.333333333333334,Subsistances,25,[21-50],b,1787
Dunkerque,France,Nieuport,Autriche,20.0,Objets manufacturés,20,[1-20],a,1787
Dunkerque,France,Ostende,Autriche,6.0,Subsistances,12,[1-20],a,1787
Dunkerque,France,Ostende,Autriche,6.0,Subsistances,12,[1-20],a,1787
Dunkerque,France,Bruges,Autriche,21.0,Matières premières,42,[21-50],b,1787
Dunkerque,France,Bruges,Autriche,21.0,Matières premières,42,[21-50],b,1787
Dunkerque,France,Nieuport,Autriche,6.666666666666667,Subsistances,20,[1-20],a,1787
Dunkerque,France,Nieuport,Autriche,6.666666666666667,Objets manufacturés,20,[1-20],a,1787
Dunkerque,France,Nieuport,Autriche,6.666666666666667,Subsistances,20,[1-20],a,1787
Dunkerque,France,Tabago,France,66.66666666666667,Objets manufacturés,200,[101-200],d,1787
Dunkerque,France,Tabago,France,66.66666666666667,Bêtes de somme,200,[101-200],d,1787
Dunkerque,France,Tabago,France,66.66666666666667,[vide],200,[101-200],d,1787
Dunkerque,France,Ostende,Autriche,4.333333333333333,Matières premières,13,[1-20],a,1787
Dunkerque,France,Ostende,Autriche,4.333333333333333,Objets manufacturés,13,[1-20],a,1787
Dunkerque,France,Ostende,Autriche,4.333333333333333,Subsistances,13,[1-20],a,1787
Dunkerque,France,Amsterdam,Provinces-Unies,120.0,[vide],120,[101-200],d,1787
Dunkerque,France,Nieuport,Autriche,10.0,Matières premières,20,[1-20],a,1787
Dunkerque,France,Nieuport,Autriche,10.0,Subsistances,20,[1-20],a,1787
Dunkerque,France,Dieppe,France,15.0,Métaux,30,[21-50],b,1787
Dunkerque,France,Dieppe,France,15.0,Matières premières,30,[21-50],b,1787
Dunkerque,France,Boulogne sur Mer,France,40.0,Subsistances,40,[21-50],b,1787
Brest,France,Bordeaux,France,220.0,Industrie française et étrangère,220,[201-500],e,1787
Brest,France,Bordeaux,France,87.0,Matières premières,87,[51-100],c,1787
Dunkerque,France,Marseille,France,46.666666666666664,Industrie française et étrangère,140,[101-200],d,1789
Dunkerque,France,Marseille,France,46.666666666666664,Matières premières,140,[101-200],d,1789
Dunkerque,France,Marseille,France,46.666666666666664,Objets manufacturés,140,[101-200],d,1789
Dunkerque,France,Ostende,Autriche,40.0,Pêche,40,[21-50],b,1789
Dunkerque,France,Terver,Provinces-Unies,20.0,Subsistances,40,[21-50],b,1789
Dunkerque,France,Terver,Provinces-Unies,20.0,Subsistances,40,[21-50],b,1789
Dunkerque,France,Islande,Danemark,15.0,[vide],45,[21-50],b,1789
Dunkerque,France,Islande,Danemark,15.0,Subsistances,45,[21-50],b,1789
Dunkerque,France,Islande,Danemark,15.0,[vide],45,[21-50],b,1789
Dunkerque,France,Islande,Danemark,30.0,[vide],90,[51-100],c,1789
Dunkerque,France,Islande,Danemark,30.0,Subsistances,90,[51-100],c,1789
Dunkerque,France,Islande,Danemark,30.0,[vide],90,[51-100],c,1789
Dunkerque,France,Ostende,Autriche,14.0,Subsistances,42,[21-50],b,1789
Dunkerque,France,Ostende,Autriche,14.0,Objets manufacturés,42,[21-50],b,1789
Dunkerque,France,Ostende,Autriche,14.0,Subsistances,42,[21-50],b,1789
Dunkerque,France,Ostende,Autriche,30.0,Objets manufacturés,30,[21-50],b,1789
Dunkerque,France,Islande,Danemark,30.0,[vide],90,[51-100],c,1789
Dunkerque,France,Islande,Danemark,30.0,Subsistances,90,[51-100],c,1789
Dunkerque,France,Islande,Danemark,30.0,[vide],90,[51-100],c,1789
Dunkerque,France,Islande,Danemark,20.0,[vide],60,[51-100],c,1789
Dunkerque,France,Islande,Danemark,20.0,Subsistances,60,[51-100],c,1789
Dunkerque,France,Islande,Danemark,20.0,[vide],60,[51-100],c,1789
Dunkerque,France,Islande,Danemark,13.333333333333334,Industrie française et étrangère,40,[21-50],b,1789
Dunkerque,France,Islande,Danemark,13.333333333333334,Subsistances,40,[21-50],b,1789
Dunkerque,France,Islande,Danemark,13.333333333333334,[vide],40,[21-50],b,1789
Dunkerque,France,Islande,Danemark,15.0,Industrie française et étrangère,45,[21-50],b,1789
Dunkerque,France,Islande,Danemark,15.0,Subsistances,45,[21-50],b,1789
Dunkerque,France,Islande,Danemark,15.0,[vide],45,[21-50],b,1789
Dunkerque,France,Guernesey,Grande-Bretagne,15.0,cargaison inconnue,15,[1-20],a,1789
Dunkerque,France,Terre Neuve,Grande-Bretagne,120.0,Pêche,120,[101-200],d,1789
Dunkerque,France,Cap [Français],France,110.0,Objets manufacturés,220,[201-500],e,1789
Dunkerque,France,Cap [Français],France,110.0,Bêtes de somme,220,[201-500],e,1789
Dunkerque,France,Islande,Danemark,16.666666666666668,[vide],50,[21-50],b,1789
Dunkerque,France,Islande,Danemark,16.666666666666668,Subsistances,50,[21-50],b,1789
Dunkerque,France,Islande,Danemark,16.666666666666668,[vide],50,[21-50],b,1789
Dunkerque,France,Islande,Danemark,10.0,Objets manufacturés,40,[21-50],b,1789
Dunkerque,France,Islande,Danemark,10.0,[vide],40,[21-50],b,1789
Dunkerque,France,Islande,Danemark,10.0,[vide],40,[21-50],b,1789
Dunkerque,France,Islande,Danemark,10.0,Subsistances,40,[21-50],b,1789
Dunkerque,France,Tabago,France,27.5,Subsistances,110,[101-200],d,1789
Dunkerque,France,Tabago,France,27.5,Industrie française et étrangère,110,[101-200],d,1789
Dunkerque,France,Tabago,France,27.5,Objets manufacturés,110,[101-200],d,1789
Dunkerque,France,Tabago,France,27.5,[vide],110,[101-200],d,1789
Dunkerque,France,Saint Valéry sur Somme,France,30.0,Objets manufacturés,60,[51-100],c,1789
Dunkerque,France,Saint Valéry sur Somme,France,30.0,Subsistances,60,[51-100],c,1789
Dunkerque,France,Islande,Danemark,15.0,Subsistances,45,[21-50],b,1789
Dunkerque,France,Islande,Danemark,15.0,[vide],45,[21-50],b,1789
Dunkerque,France,Islande,Danemark,15.0,[vide],45,[21-50],b,1789
Dunkerque,France,Nieuport,Autriche,60.0,Divers,60,[51-100],c,1789
Dunkerque,France,Nieuport,Autriche,20.0,Subsistances,40,[21-50],b,1789
Dunkerque,France,Nieuport,Autriche,20.0,Objets manufacturés,40,[21-50],b,1789
Dunkerque,France,Nieuport,Autriche,20.0,Matières premières,20,[1-20],a,1789
Dunkerque,France,Ostende,Autriche,20.0,Subsistances,20,[1-20],a,1789
Dunkerque,France,Ostende,Autriche,20.0,Objets manufacturés,40,[21-50],b,1789
Dunkerque,France,Ostende,Autriche,20.0,[vide],40,[21-50],b,1789
Dunkerque,France,Terver,Provinces-Unies,60.0,Divers,60,[51-100],c,1789
Dunkerque,France,Terver,Provinces-Unies,13.333333333333334,Objets manufacturés,40,[21-50],b,1789
Dunkerque,France,Terver,Provinces-Unies,13.333333333333334,Subsistances,40,[21-50],b,1789
Dunkerque,France,Terver,Provinces-Unies,13.333333333333334,Subsistances,40,[21-50],b,1789
Dunkerque,France,Terver,Provinces-Unies,40.0,Subsistances,40,[21-50],b,1789
Dunkerque,France,Terver,Provinces-Unies,40.0,Subsistances,40,[21-50],b,1789
Dunkerque,France,Terver,Provinces-Unies,20.0,Industrie française et étrangère,40,[21-50],b,1789
Dunkerque,France,Terver,Provinces-Unies,20.0,[vide],40,[21-50],b,1789
Dunkerque,France,Terver,Provinces-Unies,40.0,[vide],40,[21-50],b,1789
Dunkerque,France,Terver,Provinces-Unies,20.0,Subsistances,40,[21-50],b,1789
Dunkerque,France,Terver,Provinces-Unies,20.0,Objets manufacturés,40,[21-50],b,1789
Dunkerque,France,Terver,Provinces-Unies,40.0,Subsistances,40,[21-50],b,1789
Dunkerque,France,Terver,Provinces-Unies,34.0,Subsistances,68,[51-100],c,1789
Dunkerque,France,Terver,Provinces-Unies,34.0,Subsistances,68,[51-100],c,1789
Dunkerque,France,Terver,Provinces-Unies,40.0,Divers,40,[21-50],b,1789
Dunkerque,France,Terver,Provinces-Unies,100.0,Divers,100,[51-100],c,1789
Dunkerque,France,Rotterdam,Provinces-Unies,40.0,Industrie française et étrangère,40,[21-50],b,1789
Dunkerque,France,Rotterdam,Provinces-Unies,20.0,Objets manufacturés,40,[21-50],b,1789
Dunkerque,France,Rotterdam,Provinces-Unies,20.0,Matières premières,40,[21-50],b,1789
Dunkerque,France,Rotterdam,Provinces-Unies,13.333333333333334,[vide],40,[21-50],b,1789
Dunkerque,France,Rotterdam,Provinces-Unies,13.333333333333334,Objets manufacturés,40,[21-50],b,1789
Dunkerque,France,Rotterdam,Provinces-Unies,13.333333333333334,Industrie française et étrangère,40,[21-50],b,1789
Dunkerque,France,La Martinique,France,83.33333333333333,Objets manufacturés,250,[201-500],e,1789
Dunkerque,France,La Martinique,France,83.33333333333333,Subsistances,250,[201-500],e,1789
Dunkerque,France,La Martinique,France,83.33333333333333,Bêtes de somme,250,[201-500],e,1789
Dunkerque,France,La Martinique,France,150.0,Objets manufacturés,300,[201-500],e,1789
Dunkerque,France,La Martinique,France,150.0,Bêtes de somme,300,[201-500],e,1789
Dunkerque,France,La Martinique,France,75.0,Bêtes de somme,150,[101-200],d,1789
Dunkerque,France,La Martinique,France,75.0,Objets manufacturés,150,[101-200],d,1789
Dunkerque,France,La Martinique,France,66.66666666666667,Objets manufacturés,200,[101-200],d,1789
Dunkerque,France,La Martinique,France,66.66666666666667,Bêtes de somme,200,[101-200],d,1789
Dunkerque,France,La Martinique,France,66.66666666666667,Industrie française et étrangère,200,[101-200],d,1789
Dunkerque,France,La Martinique,France,55.0,Subsistances,220,[201-500],e,1789
Dunkerque,France,La Martinique,France,55.0,[vide],220,[201-500],e,1789
Dunkerque,France,La Martinique,France,55.0,Industrie française et étrangère,220,[201-500],e,1789
Dunkerque,France,La Martinique,France,55.0,Objets manufacturés,220,[201-500],e,1789
Dunkerque,France,La Martinique,France,50.0,Subsistances,150,[101-200],d,1789
Dunkerque,France,La Martinique,France,50.0,[vide],150,[101-200],d,1789
Dunkerque,France,La Martinique,France,50.0,Industrie française et étrangère,150,[101-200],d,1789
Dunkerque,France,La Martinique,France,73.33333333333333,Bêtes de somme,220,[201-500],e,1789
Dunkerque,France,La Martinique,France,73.33333333333333,Subsistances,220,[201-500],e,1789
Dunkerque,France,La Martinique,France,73.33333333333333,Objets manufacturés,220,[201-500],e,1789
Dunkerque,France,La Martinique,France,200.0,Objets manufacturés,200,[101-200],d,1789
Dunkerque,France,La Martinique,France,200.0,[vide],200,[101-200],d,1789
Dunkerque,France,La Martinique,France,93.33333333333333,Objets manufacturés,280,[201-500],e,1789
Dunkerque,France,La Martinique,France,93.33333333333333,[vide],280,[201-500],e,1789
Dunkerque,France,La Martinique,France,93.33333333333333,Bêtes de somme,280,[201-500],e,1789
Dunkerque,France,La Martinique,France,75.0,Bêtes de somme,150,[101-200],d,1789
Dunkerque,France,La Martinique,France,75.0,Objets manufacturés,150,[101-200],d,1789
Dunkerque,France,La Martinique,France,62.5,Industrie française et étrangère,250,[201-500],e,1789
Dunkerque,France,La Martinique,France,62.5,Objets manufacturés,250,[201-500],e,1789
Dunkerque,France,La Martinique,France,62.5,[vide],250,[201-500],e,1789
Dunkerque,France,La Martinique,France,62.5,Industrie française et étrangère,250,[201-500],e,1789
Dunkerque,France,La Martinique,France,59.0,Bêtes de somme,118,[101-200],d,1789
Dunkerque,France,La Martinique,France,59.0,Objets manufacturés,118,[101-200],d,1789
Dunkerque,France,Pointe à Pitre,France,70.0,Bêtes de somme,140,[101-200],d,1789
Dunkerque,France,Pointe à Pitre,France,70.0,Objets manufacturés,140,[101-200],d,1789
Dunkerque,France,Cap [Français],France,86.66666666666667,Industrie française et étrangère,260,[201-500],e,1789
Dunkerque,France,Cap [Français],France,86.66666666666667,Divers,260,[201-500],e,1789
Dunkerque,France,Cap [Français],France,86.66666666666667,Matières premières,260,[201-500],e,1789
Dunkerque,France,Cap [Français],France,60.0,Subsistances,240,[201-500],e,1789
Dunkerque,France,Cap [Français],France,60.0,[vide],240,[201-500],e,1789
Dunkerque,France,Cap [Français],France,60.0,Objets manufacturés,240,[201-500],e,1789
Dunkerque,France,Cap [Français],France,60.0,Industrie française et étrangère,240,[201-500],e,1789
Dunkerque,France,Cap [Français],France,76.66666666666667,Objets manufacturés,230,[201-500],e,1789
Dunkerque,France,Cap [Français],France,76.66666666666667,[vide],230,[201-500],e,1789
Dunkerque,France,Cap [Français],France,76.66666666666667,Subsistances,230,[201-500],e,1789
Dunkerque,France,Cap [Français],France,65.0,Objets manufacturés,130,[101-200],d,1789
Dunkerque,France,Cap [Français],France,65.0,Bêtes de somme,130,[101-200],d,1789
Dunkerque,France,Cap [Français],France,125.0,Objets manufacturés,250,[201-500],e,1789
Dunkerque,France,Cap [Français],France,125.0,Bêtes de somme,250,[201-500],e,1789
Dunkerque,France,Cap [Français],France,73.33333333333333,Matières premières,220,[201-500],e,1789
Dunkerque,France,Cap [Français],France,73.33333333333333,[vide],220,[201-500],e,1789
Dunkerque,France,Cap [Français],France,73.33333333333333,Objets manufacturés,220,[201-500],e,1789
Dunkerque,France,Cap [Français],France,160.0,Objets manufacturés,160,[101-200],d,1789
Dunkerque,France,Cap [Français],France,300.0,Pêche,300,[201-500],e,1789
Dunkerque,France,Cayes Saint Louis,France,105.0,Subsistances,420,[201-500],e,1789
Dunkerque,France,Cayes Saint Louis,France,105.0,Subsistances,420,[201-500],e,1789
Dunkerque,France,Cayes Saint Louis,France,105.0,Objets manufacturés,420,[201-500],e,1789
Dunkerque,France,Cayes Saint Louis,France,105.0,[vide],420,[201-500],e,1789
Dunkerque,France,Newbedfort,Etats-Unis d'Amérique,175.0,Objets manufacturés,350,[201-500],e,1789
Dunkerque,France,Newbedfort,Etats-Unis d'Amérique,175.0,Matières premières,350,[201-500],e,1789
Dunkerque,France,Côte d' Angole,Portugal,156.66666666666666,Subsistances,470,[201-500],e,1789
Dunkerque,France,Côte d' Angole,Portugal,156.66666666666666,Industrie française et étrangère,470,[201-500],e,1789
Dunkerque,France,Côte d' Angole,Portugal,156.66666666666666,[vide],470,[201-500],e,1789
Marseille,France,Baltimore,Etats-Unis d'Amérique,66.66666666666667,Matières premières,200,[101-200],d,1789
Marseille,France,Baltimore,Etats-Unis d'Amérique,66.66666666666667,[vide],200,[101-200],d,1789
Marseille,France,Baltimore,Etats-Unis d'Amérique,66.66666666666667,Matières premières,200,[101-200],d,1789
Dunkerque,France,Nieuport,Autriche,10.0,Subsistances,20,[1-20],a,1789
Dunkerque,France,Nieuport,Autriche,10.0,Matières premières,20,[1-20],a,1789
Dunkerque,France,Nieuport,Autriche,10.0,[vide],20,[1-20],a,1789
Dunkerque,France,Nieuport,Autriche,10.0,Subsistances,20,[1-20],a,1789
Dunkerque,France,Nieuport,Autriche,60.0,Subsistances,60,[51-100],c,1789
Dunkerque,France,Nieuport,Autriche,20.0,Subsistances,20,[1-20],a,1789
Dunkerque,France,Islande,Danemark,23.333333333333332,Subsistances,70,[51-100],c,1789
Dunkerque,France,Islande,Danemark,23.333333333333332,[vide],70,[51-100],c,1789
Dunkerque,France,Islande,Danemark,23.333333333333332,Industrie française et étrangère,70,[51-100],c,1789
Dunkerque,France,Islande,Danemark,20.0,[vide],40,[21-50],b,1789
Dunkerque,France,Islande,Danemark,20.0,[vide],40,[21-50],b,1789
Dunkerque,France,Islande,Danemark,45.0,[vide],90,[51-100],c,1789
Dunkerque,France,Islande,Danemark,45.0,[vide],90,[51-100],c,1789
Dunkerque,France,Islande,Danemark,22.5,[vide],45,[21-50],b,1789
Dunkerque,France,Islande,Danemark,22.5,[vide],45,[21-50],b,1789
Dunkerque,France,Islande,Danemark,20.0,[vide],40,[21-50],b,1789
Dunkerque,France,Islande,Danemark,20.0,[vide],40,[21-50],b,1789
Dunkerque,France,Islande,Danemark,25.0,[vide],50,[21-50],b,1789
Dunkerque,France,Islande,Danemark,25.0,[vide],50,[21-50],b,1789
Dunkerque,France,Islande,Danemark,36.666666666666664,[vide],110,[101-200],d,1789
Dunkerque,France,Islande,Danemark,36.666666666666664,Subsistances,110,[101-200],d,1789
Dunkerque,France,Islande,Danemark,36.666666666666664,[vide],110,[101-200],d,1789
Dunkerque,France,Islande,Danemark,22.5,[vide],45,[21-50],b,1789
Dunkerque,France,Islande,Danemark,22.5,[vide],45,[21-50],b,1789
Dunkerque,France,Islande,Danemark,20.0,[vide],40,[21-50],b,1789
Dunkerque,France,Islande,Danemark,20.0,[vide],40,[21-50],b,1789
Dunkerque,France,Islande,Danemark,45.0,[vide],90,[51-100],c,1789
Dunkerque,France,Islande,Danemark,45.0,[vide],90,[51-100],c,1789
Dunkerque,France,Islande,Danemark,40.0,[vide],80,[51-100],c,1789
Dunkerque,France,Islande,Danemark,40.0,[vide],80,[51-100],c,1789
Dunkerque,France,Islande,Danemark,30.0,[vide],60,[51-100],c,1789
Dunkerque,France,Islande,Danemark,30.0,[vide],60,[51-100],c,1789
Dunkerque,France,Islande,Danemark,33.333333333333336,[vide],100,[51-100],c,1789
Dunkerque,France,Islande,Danemark,33.333333333333336,Subsistances,100,[51-100],c,1789
Dunkerque,France,Islande,Danemark,33.333333333333336,Objets manufacturés,100,[51-100],c,1789
Dunkerque,France,Islande,Danemark,15.0,Subsistances,45,[21-50],b,1789
Dunkerque,France,Islande,Danemark,15.0,[vide],45,[21-50],b,1789
Dunkerque,France,Islande,Danemark,15.0,[vide],45,[21-50],b,1789
Dunkerque,France,Islande,Danemark,120.0,Pêche,120,[101-200],d,1789
Dunkerque,France,Islande,Danemark,18.333333333333332,[vide],55,[51-100],c,1789
Dunkerque,France,Islande,Danemark,18.333333333333332,Subsistances,55,[51-100],c,1789
Dunkerque,France,Islande,Danemark,18.333333333333332,[vide],55,[51-100],c,1789
Dunkerque,France,Islande,Danemark,160.0,[vide],160,[101-200],d,1789
Dunkerque,France,Islande,Danemark,22.5,[vide],45,[21-50],b,1789
Dunkerque,France,Islande,Danemark,22.5,[vide],45,[21-50],b,1789
Dunkerque,France,Islande,Danemark,20.0,[vide],40,[21-50],b,1789
Dunkerque,France,Islande,Danemark,20.0,[vide],40,[21-50],b,1789
Dunkerque,France,Islande,Danemark,22.5,[vide],45,[21-50],b,1789
Dunkerque,France,Islande,Danemark,22.5,[vide],45,[21-50],b,1789
Dunkerque,France,Islande,Danemark,13.333333333333334,[vide],40,[21-50],b,1789
Dunkerque,France,Islande,Danemark,13.333333333333334,[vide],40,[21-50],b,1789
Dunkerque,France,Islande,Danemark,13.333333333333334,Subsistances,40,[21-50],b,1789
Dunkerque,France,Islande,Danemark,22.5,[vide],45,[21-50],b,1789
Dunkerque,France,Islande,Danemark,22.5,[vide],45,[21-50],b,1789
Dunkerque,France,Islande,Danemark,20.0,[vide],40,[21-50],b,1789
Dunkerque,France,Islande,Danemark,20.0,[vide],40,[21-50],b,1789
Dunkerque,France,Islande,Danemark,33.333333333333336,Subsistances,100,[51-100],c,1789
Dunkerque,France,Islande,Danemark,33.333333333333336,Objets manufacturés,100,[51-100],c,1789
Dunkerque,France,Islande,Danemark,33.333333333333336,[vide],100,[51-100],c,1789
Dunkerque,France,Islande,Danemark,30.0,[vide],90,[51-100],c,1789
Dunkerque,France,Islande,Danemark,30.0,Subsistances,90,[51-100],c,1789
Dunkerque,France,Islande,Danemark,30.0,[vide],90,[51-100],c,1789
Dunkerque,France,Islande,Danemark,37.5,[vide],75,[51-100],c,1789
Dunkerque,France,Islande,Danemark,37.5,Subsistances,75,[51-100],c,1789
Dunkerque,France,Islande,Danemark,15.0,[vide],45,[21-50],b,1789
Dunkerque,France,Islande,Danemark,15.0,[vide],45,[21-50],b,1789
Dunkerque,France,Islande,Danemark,15.0,Subsistances,45,[21-50],b,1789
Dunkerque,France,Islande,Danemark,16.666666666666668,Subsistances,50,[21-50],b,1789
Dunkerque,France,Islande,Danemark,16.666666666666668,[vide],50,[21-50],b,1789
Dunkerque,France,Islande,Danemark,16.666666666666668,[vide],50,[21-50],b,1789
Dunkerque,France,Islande,Danemark,21.666666666666668,[vide],65,[51-100],c,1789
Dunkerque,France,Islande,Danemark,21.666666666666668,Subsistances,65,[51-100],c,1789
Dunkerque,France,Islande,Danemark,21.666666666666668,[vide],65,[51-100],c,1789
Dunkerque,France,Islande,Danemark,26.666666666666668,[vide],80,[51-100],c,1789
Dunkerque,France,Islande,Danemark,26.666666666666668,Subsistances,80,[51-100],c,1789
Dunkerque,France,Islande,Danemark,26.666666666666668,[vide],80,[51-100],c,1789
Dunkerque,France,Islande,Danemark,30.0,Subsistances,90,[51-100],c,1789
Dunkerque,France,Islande,Danemark,30.0,[vide],90,[51-100],c,1789
Dunkerque,France,Islande,Danemark,30.0,[vide],90,[51-100],c,1789
Dunkerque,France,Islande,Danemark,33.333333333333336,[vide],100,[51-100],c,1789
Dunkerque,France,Islande,Danemark,33.333333333333336,[vide],100,[51-100],c,1789
Dunkerque,France,Islande,Danemark,33.333333333333336,Subsistances,100,[51-100],c,1789
Dunkerque,France,Islande,Danemark,26.666666666666668,Subsistances,80,[51-100],c,1789
Dunkerque,France,Islande,Danemark,26.666666666666668,[vide],80,[51-100],c,1789
Dunkerque,France,Islande,Danemark,26.666666666666668,[vide],80,[51-100],c,1789
Dunkerque,France,Islande,Danemark,36.666666666666664,[vide],110,[101-200],d,1789
Dunkerque,France,Islande,Danemark,36.666666666666664,Subsistances,110,[101-200],d,1789
Dunkerque,France,Islande,Danemark,36.666666666666664,[vide],110,[101-200],d,1789
Dunkerque,France,Islande,Danemark,23.333333333333332,Subsistances,70,[51-100],c,1789
Dunkerque,France,Islande,Danemark,23.333333333333332,[vide],70,[51-100],c,1789
Dunkerque,France,Islande,Danemark,23.333333333333332,[vide],70,[51-100],c,1789
Dunkerque,France,Islande,Danemark,15.0,Subsistances,45,[21-50],b,1789
Dunkerque,France,Islande,Danemark,15.0,[vide],45,[21-50],b,1789
Dunkerque,France,Islande,Danemark,15.0,[vide],45,[21-50],b,1789
Dunkerque,France,Islande,Danemark,10.0,[vide],30,[21-50],b,1789
Dunkerque,France,Islande,Danemark,10.0,[vide],30,[21-50],b,1789
Dunkerque,France,Islande,Danemark,10.0,Subsistances,30,[21-50],b,1789
Dunkerque,France,Islande,Danemark,22.5,Objets manufacturés,90,[51-100],c,1789
Dunkerque,France,Islande,Danemark,22.5,[vide],90,[51-100],c,1789
Dunkerque,France,Islande,Danemark,22.5,Subsistances,90,[51-100],c,1789
Dunkerque,France,Islande,Danemark,22.5,Industrie française et étrangère,90,[51-100],c,1789
Dunkerque,France,Islande,Danemark,12.0,Subsistances,36,[21-50],b,1789
Dunkerque,France,Islande,Danemark,12.0,[vide],36,[21-50],b,1789
Dunkerque,France,Islande,Danemark,12.0,[vide],36,[21-50],b,1789
Dunkerque,France,Islande,Danemark,15.0,[vide],30,[21-50],b,1789
Dunkerque,France,Islande,Danemark,15.0,[vide],30,[21-50],b,1789
Dunkerque,France,Islande,Danemark,20.0,Subsistances,60,[51-100],c,1789
Dunkerque,France,Islande,Danemark,20.0,[vide],60,[51-100],c,1789
Dunkerque,France,Islande,Danemark,20.0,[vide],60,[51-100],c,1789
Dunkerque,France,Islande,Danemark,13.333333333333334,Subsistances,40,[21-50],b,1789
Dunkerque,France,Islande,Danemark,13.333333333333334,[vide],40,[21-50],b,1789
Dunkerque,France,Islande,Danemark,13.333333333333334,[vide],40,[21-50],b,1789
Dunkerque,France,Islande,Danemark,20.0,[vide],60,[51-100],c,1789
Dunkerque,France,Islande,Danemark,20.0,[vide],60,[51-100],c,1789
Dunkerque,France,Islande,Danemark,20.0,Subsistances,60,[51-100],c,1789
Dunkerque,France,Islande,Danemark,16.666666666666668,[vide],50,[21-50],b,1789
Dunkerque,France,Islande,Danemark,16.666666666666668,[vide],50,[21-50],b,1789
Dunkerque,France,Islande,Danemark,16.666666666666668,Subsistances,50,[21-50],b,1789
Dunkerque,France,Islande,Danemark,11.666666666666666,[vide],35,[21-50],b,1789
Dunkerque,France,Islande,Danemark,11.666666666666666,[vide],35,[21-50],b,1789
Dunkerque,France,Islande,Danemark,11.666666666666666,Subsistances,35,[21-50],b,1789
Dunkerque,France,Islande,Danemark,30.0,[vide],90,[51-100],c,1789
Dunkerque,France,Islande,Danemark,30.0,[vide],90,[51-100],c,1789
Dunkerque,France,Islande,Danemark,30.0,Subsistances,90,[51-100],c,1789
Dunkerque,France,Islande,Danemark,16.666666666666668,[vide],50,[21-50],b,1789
Dunkerque,France,Islande,Danemark,16.666666666666668,Subsistances,50,[21-50],b,1789
Dunkerque,France,Islande,Danemark,16.666666666666668,[vide],50,[21-50],b,1789
Dunkerque,France,Itlands [Shetland],Grande-Bretagne,15.0,[vide],30,[21-50],b,1789
Dunkerque,France,Itlands [Shetland],Grande-Bretagne,15.0,[vide],30,[21-50],b,1789
Dunkerque,France,Itlands [Shetland],Grande-Bretagne,20.0,[vide],40,[21-50],b,1789
Dunkerque,France,Itlands [Shetland],Grande-Bretagne,20.0,[vide],40,[21-50],b,1789
Dunkerque,France,Itlands [Shetland],Grande-Bretagne,20.0,[vide],40,[21-50],b,1789
Dunkerque,France,Itlands [Shetland],Grande-Bretagne,20.0,[vide],40,[21-50],b,1789
Dunkerque,France,Itlands [Shetland],Grande-Bretagne,22.5,[vide],45,[21-50],b,1789
Dunkerque,France,Itlands [Shetland],Grande-Bretagne,22.5,[vide],45,[21-50],b,1789
Dunkerque,France,Itlands [Shetland],Grande-Bretagne,15.0,[vide],30,[21-50],b,1789
Dunkerque,France,Itlands [Shetland],Grande-Bretagne,15.0,[vide],30,[21-50],b,1789
Dunkerque,France,Itlands [Shetland],Grande-Bretagne,20.0,[vide],40,[21-50],b,1789
Dunkerque,France,Itlands [Shetland],Grande-Bretagne,20.0,[vide],40,[21-50],b,1789
Dunkerque,France,Itlands [Shetland],Grande-Bretagne,20.0,[vide],40,[21-50],b,1789
Dunkerque,France,Itlands [Shetland],Grande-Bretagne,20.0,[vide],40,[21-50],b,1789
Dunkerque,France,Bergen,Danemark,11.666666666666666,Objets manufacturés,35,[21-50],b,1789
Dunkerque,France,Bergen,Danemark,11.666666666666666,Subsistances,35,[21-50],b,1789
Dunkerque,France,Bergen,Danemark,11.666666666666666,Subsistances,35,[21-50],b,1789
Dunkerque,France,Guernesey,Grande-Bretagne,6.666666666666667,[vide],20,[1-20],a,1789
Dunkerque,France,Guernesey,Grande-Bretagne,6.666666666666667,Matières premières,20,[1-20],a,1789
Dunkerque,France,Guernesey,Grande-Bretagne,6.666666666666667,Subsistances,20,[1-20],a,1789
Dunkerque,France,Guernesey,Grande-Bretagne,10.0,Matières premières,10,[1-20],a,1789
Dunkerque,France,Tabago,France,73.33333333333333,Industrie française et étrangère,220,[201-500],e,1789
Dunkerque,France,Tabago,France,73.33333333333333,Matières premières,220,[201-500],e,1789
Dunkerque,France,Tabago,France,73.33333333333333,[vide],220,[201-500],e,1789
Dunkerque,France,Tabago,France,116.66666666666667,Divers,350,[201-500],e,1789
Dunkerque,France,Tabago,France,116.66666666666667,Industrie française et étrangère,350,[201-500],e,1789
Dunkerque,France,Tabago,France,116.66666666666667,Matières premières,350,[201-500],e,1789
Dunkerque,France,Tabago,France,50.0,Matières premières,200,[101-200],d,1789
Dunkerque,France,Tabago,France,50.0,Objets manufacturés,200,[101-200],d,1789
Dunkerque,France,Tabago,France,50.0,Subsistances,200,[101-200],d,1789
Dunkerque,France,Tabago,France,50.0,Matières premières,200,[101-200],d,1789
Dunkerque,France,Terre Neuve,Grande-Bretagne,100.0,Pêche,100,[51-100],c,1789
Dunkerque,France,Terre Neuve,Grande-Bretagne,90.0,Pêche,90,[51-100],c,1789
Dunkerque,France,Terre Neuve,Grande-Bretagne,70.0,Pêche,70,[51-100],c,1789
Dunkerque,France,Ostende,Autriche,42.0,Matières premières,42,[21-50],b,1789
Dunkerque,France,Islande,Danemark,20.0,Objets manufacturés,40,[21-50],b,1789
Dunkerque,France,Islande,Danemark,20.0,Subsistances,40,[21-50],b,1789
Dunkerque,France,Calais,France,12.0,Divers,24,[21-50],b,1789
Dunkerque,France,Calais,France,12.0,Matières premières,24,[21-50],b,1789
Dunkerque,France,,inconnu,40.0,Divers,40,[21-50],b,1789
Dunkerque,France,Banc de Terre Neuve,zone maritime,70.0,Pêche,70,[51-100],c,1789
Dunkerque,France,Marseille,France,170.0,[vide],170,[101-200],d,1789
Dunkerque,France,Banc de Terre Neuve,zone maritime,150.0,Pêche,150,[101-200],d,1789
Dunkerque,France,Marseille,France,180.0,[vide],180,[101-200],d,1789
Charente,France,Nantes,France,42.5,Subsistances,85,[51-100],c,1789
Charente,France,Nantes,France,42.5,Objets manufacturés,85,[51-100],c,1789
Dunkerque,France,Saint Valéry sur Somme,France,25.0,Pêche,25,[21-50],b,1789
Dunkerque,France,Banc de Terre Neuve,zone maritime,100.0,Pêche,100,[51-100],c,1789
Ars en Ré,France,Dunkerque,France,70.0,Subsistances,70,[51-100],c,1789
Marennes,France,Dunkerque,France,200.0,Subsistances,200,[101-200],d,1789
Marennes,France,Dunkerque,France,120.0,Subsistances,120,[101-200],d,1789
Marennes,France,Dunkerque,France,130.0,Subsistances,130,[101-200],d,1789
Marennes,France,Dunkerque,France,150.0,Subsistances,150,[101-200],d,1789
Rochefort,France,Marennes,France,90.0,Divers,90,[51-100],c,1789
La Rochelle,France,Calais,France,70.0,cargaison inconnue,70,[51-100],c,1789
La Rochelle,France,Calais,France,70.0,cargaison inconnue,70,[51-100],c,1789
La Rochelle,France,Seudre,France,150.0,cargaison inconnue,150,[101-200],d,1789
La Rochelle,France,Dunkerque,France,58.0,cargaison inconnue,58,[51-100],c,1789
Dunkerque,France,Barcelonne,Espagne,160.0,Industrie française et étrangère,160,[101-200],d,1789
Dunkerque,France,Barcelonne,Espagne,130.0,[vide],130,[101-200],d,1789
Dunkerque,France,Barcelonne,Espagne,100.0,[vide],200,[101-200],d,1789
Dunkerque,France,Barcelonne,Espagne,100.0,Subsistances,200,[101-200],d,1789
Dunkerque,France,Barcelonne,Espagne,130.0,[vide],130,[101-200],d,1789
Dunkerque,France,Rouen,France,75.0,[vide],75,[51-100],c,1789
Dunkerque,France,Rouen,France,20.0,[vide],40,[21-50],b,1789
Dunkerque,France,Rouen,France,20.0,Objets manufacturés,40,[21-50],b,1789
Dunkerque,France,Rouen,France,70.0,Pêche,70,[51-100],c,1789
Dunkerque,France,Rouen,France,30.0,Pêche,30,[21-50],b,1789
Dunkerque,France,Rouen,France,20.0,Pêche,20,[1-20],a,1789
Dunkerque,France,Rouen,France,70.0,Pêche,70,[51-100],c,1789
Dunkerque,France,Rouen,France,75.0,Pêche,75,[51-100],c,1789
Dunkerque,France,Rouen,France,60.0,Pêche,60,[51-100],c,1789
Dunkerque,France,Rouen,France,75.0,Pêche,75,[51-100],c,1789
Dunkerque,France,Rouen,France,46.0,Pêche,46,[21-50],b,1789
Dunkerque,France,Rouen,France,46.0,Pêche,46,[21-50],b,1789
Dunkerque,France,Rouen,France,38.0,Industrie française et étrangère,38,[21-50],b,1789
Dunkerque,France,Rouen,France,37.5,Objets manufacturés,75,[51-100],c,1789
Dunkerque,France,Rouen,France,37.5,[vide],75,[51-100],c,1789
Dunkerque,France,Rouen,France,60.0,Pêche,60,[51-100],c,1789
Dunkerque,France,Rouen,France,43.0,Pêche,43,[21-50],b,1789
Dunkerque,France,Rouen,France,25.0,Matières premières,50,[21-50],b,1789
Dunkerque,France,Rouen,France,25.0,Objets manufacturés,50,[21-50],b,1789
Dunkerque,France,Rouen,France,60.0,Pêche,60,[51-100],c,1789
Dunkerque,France,Rouen,France,62.0,Pêche,62,[51-100],c,1789
Dunkerque,France,Rouen,France,42.0,Pêche,42,[21-50],b,1789
Dunkerque,France,Rouen,France,38.0,Pêche,38,[21-50],b,1789
Dunkerque,France,Rouen,France,20.0,Objets manufacturés,60,[51-100],c,1789
Dunkerque,France,Rouen,France,20.0,Matières premières,60,[51-100],c,1789
Dunkerque,France,Rouen,France,20.0,Matières premières,60,[51-100],c,1789
Dunkerque,France,Rouen,France,50.0,[vide],50,[21-50],b,1789
Dunkerque,France,Rouen,France,75.0,Pêche,75,[51-100],c,1789
Dunkerque,France,Rouen,France,42.0,Pêche,42,[21-50],b,1789
Dunkerque,France,Rouen,France,40.0,Pêche,40,[21-50],b,1789
Dunkerque,France,Rouen,France,60.0,Matières premières,60,[51-100],c,1789
Dunkerque,France,Rouen,France,12.5,[vide],25,[21-50],b,1789
Dunkerque,France,Rouen,France,12.5,Objets manufacturés,25,[21-50],b,1789
Dunkerque,France,Rouen,France,60.0,[vide],60,[51-100],c,1789
Dunkerque,France,Rouen,France,40.0,Subsistances,40,[21-50],b,1789
Dunkerque,France,Calais,France,60.0,[vide],60,[51-100],c,1789
Dunkerque,France,Calais,France,134.0,Divers,134,[101-200],d,1789
Dunkerque,France,Calais,France,10.0,[vide],20,[1-20],a,1789
Dunkerque,France,Calais,France,10.0,Subsistances,20,[1-20],a,1789
Dunkerque,France,Calais,France,60.0,Divers,60,[51-100],c,1789
Dunkerque,France,Calais,France,20.0,Divers,20,[1-20],a,1789
Dunkerque,France,Sette,France,120.0,cargaison inconnue,120,[101-200],d,1789
Dunkerque,France,Bordeaux,France,83.0,Objets manufacturés,83,[51-100],c,1789
Dunkerque,France,Bordeaux,France,80.0,Divers,80,[51-100],c,1789
Dunkerque,France,Bordeaux,France,70.0,Objets manufacturés,140,[101-200],d,1789
Dunkerque,France,Bordeaux,France,70.0,Matières premières,140,[101-200],d,1789
Dunkerque,France,Le Havre,France,10.0,Objets manufacturés,20,[1-20],a,1789
Dunkerque,France,Le Havre,France,10.0,Divers,20,[1-20],a,1789
Dunkerque,France,Le Havre,France,68.0,Divers,68,[51-100],c,1789
Dunkerque,France,Le Havre,France,15.0,Industrie française et étrangère,30,[21-50],b,1789
Dunkerque,France,Le Havre,France,15.0,Objets manufacturés,30,[21-50],b,1789
Dunkerque,France,Etaples,France,21.0,Objets manufacturés,42,[21-50],b,1789
Dunkerque,France,Etaples,France,21.0,Subsistances,42,[21-50],b,1789
Dunkerque,France,Etaples,France,42.0,Subsistances,42,[21-50],b,1789
Dunkerque,France,Etaples,France,10.5,Subsistances,42,[21-50],b,1789
Dunkerque,France,Etaples,France,10.5,Subsistances,42,[21-50],b,1789
Dunkerque,France,Etaples,France,10.5,Objets manufacturés,42,[21-50],b,1789
Dunkerque,France,Etaples,France,10.5,Industrie française et étrangère,42,[21-50],b,1789
Dunkerque,France,Etaples,France,30.0,Subsistances,30,[21-50],b,1789
Dunkerque,France,Etaples,France,21.0,Subsistances,42,[21-50],b,1789
Dunkerque,France,Etaples,France,21.0,Matières premières,42,[21-50],b,1789
Dunkerque,France,Etaples,France,21.0,Objets manufacturés,42,[21-50],b,1789
Dunkerque,France,Etaples,France,21.0,Subsistances,42,[21-50],b,1789
Dunkerque,France,Etaples,France,21.0,Subsistances,42,[21-50],b,1789
Dunkerque,France,Etaples,France,21.0,Subsistances,42,[21-50],b,1789
Dunkerque,France,Etaples,France,38.0,Subsistances,38,[21-50],b,1789
Dunkerque,France,Etaples,France,21.0,Objets manufacturés,42,[21-50],b,1789
Dunkerque,France,Etaples,France,21.0,Subsistances,42,[21-50],b,1789
Dunkerque,France,Etaples,France,14.0,Subsistances,42,[21-50],b,1789
Dunkerque,France,Etaples,France,14.0,Objets manufacturés,42,[21-50],b,1789
Dunkerque,France,Etaples,France,14.0,Subsistances,42,[21-50],b,1789
Dunkerque,France,Etaples,France,30.0,Subsistances,30,[21-50],b,1789
Dunkerque,France,Le Tréport,France,60.0,[vide],60,[51-100],c,1789
Dunkerque,France,Genes,République de Gênes,100.0,Objets manufacturés,200,[101-200],d,1789
Dunkerque,France,Genes,République de Gênes,100.0,Matières premières,200,[101-200],d,1789
Dunkerque,France,Genes,République de Gênes,200.0,Matières premières,200,[101-200],d,1789
Dunkerque,France,Genes,République de Gênes,65.0,Objets manufacturés,130,[101-200],d,1789
Dunkerque,France,Genes,République de Gênes,65.0,Matières premières,130,[101-200],d,1789
Dunkerque,France,Setubal,Portugal,110.0,Divers,110,[101-200],d,1789
Dunkerque,France,Setubal,Portugal,180.0,Divers,180,[101-200],d,1789
Dunkerque,France,Setubal,Portugal,100.0,Divers,100,[51-100],c,1789
Dunkerque,France,Setubal,Portugal,110.0,Divers,110,[101-200],d,1789
Dunkerque,France,Setubal,Portugal,90.0,Divers,90,[51-100],c,1789
Dunkerque,France,Setubal,Portugal,90.0,Divers,90,[51-100],c,1789
Dunkerque,France,Setubal,Portugal,90.0,Divers,90,[51-100],c,1789
Dunkerque,France,Setubal,Portugal,110.0,Divers,110,[101-200],d,1789
Dunkerque,France,Setubal,Portugal,120.0,Divers,120,[101-200],d,1789
Dunkerque,France,Setubal,Portugal,320.0,Divers,320,[201-500],e,1789
Dunkerque,France,Hambourg,Hambourg,250.0,Divers,250,[201-500],e,1789
Dunkerque,France,Elseneur,Danemark,230.0,Divers,230,[201-500],e,1789
Dunkerque,France,Gothembourg,Suède,160.0,Divers,160,[101-200],d,1789
Dunkerque,France,Gothembourg,Suède,100.0,Divers,100,[51-100],c,1789
Dunkerque,France,Gothembourg,Suède,160.0,Divers,160,[101-200],d,1789
Dunkerque,France,Saint Valery,France,58.0,Pêche,58,[51-100],c,1789
Dunkerque,France,Saint Valery,France,38.0,Pêche,38,[21-50],b,1789
Dunkerque,France,Saint Valery,France,30.0,Pêche,30,[21-50],b,1789
Dunkerque,France,Saint Valery,France,23.0,Subsistances,46,[21-50],b,1789
Dunkerque,France,Saint Valery,France,23.0,Subsistances,46,[21-50],b,1789
Dunkerque,France,Marennes,France,200.0,Divers,200,[101-200],d,1789
Dunkerque,France,Marennes,France,90.0,Divers,90,[51-100],c,1789
Dunkerque,France,Marennes,France,64.0,Divers,64,[51-100],c,1789
Dunkerque,France,Marennes,France,90.0,Divers,90,[51-100],c,1789
La Rochelle,France,Ile de Ré,France,70.0,cargaison inconnue,70,[51-100],c,1789
Dunkerque,France,Boulogne sur Mer,France,140.0,Objets manufacturés,140,[101-200],d,1789
Dunkerque,France,Boulogne sur Mer,France,38.0,Subsistances,38,[21-50],b,1789
Dunkerque,France,Boulogne sur Mer,France,25.0,[vide],25,[21-50],b,1789
Dunkerque,France,Bayonne,France,110.0,Divers,110,[101-200],d,1789
Dunkerque,France,Bayonne,France,90.0,Divers,90,[51-100],c,1789
Dunkerque,France,Bayonne,France,30.0,Industrie française et étrangère,90,[51-100],c,1789
Dunkerque,France,Bayonne,France,30.0,Objets manufacturés,90,[51-100],c,1789
Dunkerque,France,Bayonne,France,30.0,Matières premières,90,[51-100],c,1789
Dunkerque,France,La Rochelle,France,120.0,Divers,120,[101-200],d,1789
Dunkerque,France,Tabago,France,116.66666666666667,Bêtes de somme,350,[201-500],e,1789
Dunkerque,France,Tabago,France,116.66666666666667,Subsistances,350,[201-500],e,1789
Dunkerque,France,Tabago,France,116.66666666666667,Objets manufacturés,350,[201-500],e,1789
Dunkerque,France,Marseille,France,90.0,Objets manufacturés,180,[101-200],d,1789
Dunkerque,France,Marseille,France,90.0,Industrie française et étrangère,180,[101-200],d,1789
Dunkerque,France,Ostende,Autriche,60.0,Objets manufacturés,60,[51-100],c,1789
Dunkerque,France,Tabago,France,300.0,Objets manufacturés,300,[201-500],e,1789
Dunkerque,France,Marseille,France,180.0,Divers,180,[101-200],d,1789
Dunkerque,France,Marseille,France,150.0,Divers,150,[101-200],d,1789
Dunkerque,France,Nieuport,Autriche,6.0,Subsistances,6,[1-20],a,1789
Dunkerque,France,Banc de Terre Neuve,zone maritime,120.0,Pêche,120,[101-200],d,1789
Dunkerque,France,Genes,République de Gênes,50.0,Objets manufacturés,150,[101-200],d,1789
Dunkerque,France,Genes,République de Gênes,50.0,Industrie française et étrangère,150,[101-200],d,1789
Dunkerque,France,Genes,République de Gênes,50.0,Matières premières,150,[101-200],d,1789
Dunkerque,France,Vieuport,France,40.0,Divers,40,[21-50],b,1789
Ars en Ré,France,Pontrieux,France,39.0,Subsistances,39,[21-50],b,1789
Dunkerque,France,Nieuport,Autriche,10.0,Matières premières,20,[1-20],a,1789
Dunkerque,France,Nieuport,Autriche,10.0,Matières premières,20,[1-20],a,1789
Dunkerque,France,Itlands [Shetland],Grande-Bretagne,24.0,[vide],48,[21-50],b,1789
Dunkerque,France,Itlands [Shetland],Grande-Bretagne,24.0,[vide],48,[21-50],b,1789
Dunkerque,France,Terre Neuve,Grande-Bretagne,120.0,Pêche,120,[101-200],d,1789
Ostende,Autriche,Malaga,Espagne,82.5,Objets manufacturés,165,[101-200],d,1789
Ostende,Autriche,Malaga,Espagne,82.5,Industrie française et étrangère,165,[101-200],d,1789
Dunkerque,France,Boulogne sur Mer,France,40.0,Subsistances,40,[21-50],b,1789
Dunkerque,France,Boulogne sur Mer,France,25.0,[vide],25,[21-50],b,1789
Dunkerque,France,Saint Valéry sur Somme,France,20.0,Pêche,20,[1-20],a,1789
Dunkerque,France,Memel,Prusse,230.0,Divers,230,[201-500],e,1789
Dunkerque,France,Marseille,France,60.0,Industrie française et étrangère,120,[101-200],d,1789
Dunkerque,France,Marseille,France,60.0,Objets manufacturés,120,[101-200],d,1789
Dunkerque,France,Boulogne sur Mer,France,20.0,Subsistances,20,[1-20],a,1789
Dunkerque,France,Ostende,Autriche,20.0,Objets manufacturés,40,[21-50],b,1789
Dunkerque,France,Ostende,Autriche,20.0,Subsistances,40,[21-50],b,1789
Dunkerque,France,Bayonne,France,53.0,Matières premières,53,[51-100],c,1789
Dunkerque,France,Nieuport,Autriche,6.666666666666667,Subsistances,20,[1-20],a,1789
Dunkerque,France,Nieuport,Autriche,6.666666666666667,Objets manufacturés,20,[1-20],a,1789
Dunkerque,France,Nieuport,Autriche,6.666666666666667,Matières premières,20,[1-20],a,1789
